Socio,ID Alpaca,Sexo,Edad (Dientes),Peso inicial (Kg),Control 1 (Kg),Control 2 (Kg),Control 3 (Kg),Peso Final (Kg),Ganancia Neta(Kg),Ingreso Total(S/.),Observaciones
Edgar Cahuana Tacca,1,M,2,40,42.7,45.4,48.1,50.8,10.8,377.2,Tui macho sobrante - Rotación en los 4 potreros
Edgar Cahuana Tacca,2,M,2,32,35.8,39.6,43.4,47.2,15.2,326.8,Compra externo flaco - Manejo exclusivo en los 4 potreros
Edgar Cahuana Tacca,3,H,4,45,46.8,48.6,50.4,52.2,7.2,396.8,Descarte hato - Uso intensivo de los 4 potreros
Edgar Cahuana Tacca,4,M,2,38,40.8,43.6,46.4,49.2,11.2,354.8,Tui macho sobrante - Solo se cuenta con los 4 potreros
Edgar Cahuana Tacca,5,M,2,34,37.9,41.8,45.7,49.6,15.6,360.4,Compra externo flaco - Crecimiento en potreros 1 al 4
Edgar Cahuana Tacca,6,H,2,41,44,47,50,53,12,408,Descarte hato - Rotación en los 4 potreros
Edgar Cahuana Tacca,7,M,2,36,39.2,42.4,45.6,48.8,12.8,349.2,Compra externo - Alimentación solo en los 4 potreros
Edgar Cahuana Tacca,8,M,Boca Llena,51,52.5,54,55.5,57,6,464,Animal viejo descarte - Pastoreo en los 4 potreros
Edgar Cahuana Tacca,9,M,2,43,45.5,48,50.5,53,10,408,Tui macho sobrante - Uso de 4 potreros instalados
Edgar Cahuana Tacca,10,M,2,30,33.3,36.6,39.9,43.2,13.2,270.8,Compra externo - Rotación en los 4 potreros
Martina Choquepata Huanca,1,M,2,40,42.7,45.4,48.1,50.8,10.8,377.2,Tui macho sobrante - Rotación en los 4 potreros
Martina Choquepata Huanca,2,M,2,32,35.8,39.6,43.4,47.2,15.2,326.8,Compra externo flaco - Manejo exclusivo en los 4 potreros
Martina Choquepata Huanca,3,H,4,45,46.8,48.6,50.4,52.2,7.2,396.8,Descarte hato - Uso intensivo de los 4 potreros
Martina Choquepata Huanca,4,M,2,38,40.8,43.6,46.4,49.2,11.2,354.8,Tui macho sobrante - Solo se cuenta con los 4 potreros
Martina Choquepata Huanca,5,M,2,34,37.9,41.8,45.7,49.6,15.6,360.4,Compra externo flaco - Crecimiento en potreros 1 al 4
Martina Choquepata Huanca,6,H,2,41,44,47,50,53,12,408,Descarte hato - Rotación en los 4 potreros
Martina Choquepata Huanca,7,M,2,36,39.2,42.4,,,0,0,Compra externo - Muerte día 82 (timpanismo). Manejo exclusivo en los 4 potreros
Martina Choquepata Huanca,8,M,Boca Llena,51,52.5,54,55.5,57,6,464,Animal viejo descarte - Pastoreo en los 4 potreros
Martina Choquepata Huanca,9,M,2,43,45.5,48,50.5,53,10,408,Tui macho sobrante - Uso de 4 potreros instalados
Martina Choquepata Huanca,10,M,2,30,33.3,36.6,39.9,43.2,13.2,270.8,Compra externo - Rotación en los 4 potreros
Dionicio Choquetocro Guzman,1,M,2,40,42.7,45.4,48.1,50.8,10.8,377.2,Tui macho sobrante - Rotación en los 4 potreros
Dionicio Choquetocro Guzman,2,M,2,32,35.8,39.6,43.4,47.2,15.2,326.8,Compra externo flaco - Manejo exclusivo en los 4 potreros
Dionicio Choquetocro Guzman,3,H,4,45,46.8,48.6,50.4,52.2,7.2,396.8,Descarte hato - Uso intensivo de los 4 potreros
Dionicio Choquetocro Guzman,4,M,2,38,40.8,43.6,46.4,49.2,11.2,354.8,Tui macho sobrante - Solo se cuenta con los 4 potreros
Dionicio Choquetocro Guzman,5,M,2,34,37.9,41.8,45.7,49.6,15.6,360.4,Compra externo flaco - Crecimiento en potreros 1 al 4
Dionicio Choquetocro Guzman,6,H,2,41,44,47,50,53,12,408,Descarte hato - Rotación en los 4 potreros
Dionicio Choquetocro Guzman,7,M,2,36,39.2,42.4,45.6,48.8,12.8,349.2,Compra externo - Alimentación solo en los 4 potreros
Dionicio Choquetocro Guzman,8,M,Boca Llena,51,52.5,54,55.5,57,6,464,Animal viejo descarte - Pastoreo en los 4 potreros
Dionicio Choquetocro Guzman,9,M,2,43,45.5,48,50.5,53,10,408,Tui macho sobrante - Uso de 4 potreros instalados
Dionicio Choquetocro Guzman,10,M,2,30,33.3,36.6,39.9,43.2,13.2,270.8,Compra externo - Rotación en los 4 potreros
Gerardo Chura Chura,1,M,2,40,42.7,45.4,48.1,50.8,10.8,377.2,Tui macho sobrante - Rotación en los 4 potreros
Gerardo Chura Chura,2,M,2,32,35.8,39.6,,,0,0,Compra externo flaco - Muerte día 68 (neumonía). Manejo exclusivo en los 4 potreros
Gerardo Chura Chura,3,H,4,45,46.8,48.6,50.4,52.2,7.2,396.8,Descarte hato - Uso intensivo de los 4 potreros
Gerardo Chura Chura,4,M,2,38,40.8,43.6,46.4,49.2,11.2,354.8,Tui macho sobrante - Solo se cuenta con los 4 potreros
Gerardo Chura Chura,5,M,2,34,37.9,41.8,45.7,49.6,15.6,360.4,Compra externo flaco - Crecimiento en potreros 1 al 4
Gerardo Chura Chura,6,H,2,41,44,47,50,53,12,408,Descarte hato - Rotación en los 4 potreros
Gerardo Chura Chura,7,M,2,36,39.2,42.4,45.6,48.8,12.8,349.2,Compra externo - Alimentación solo en los 4 potreros
Gerardo Chura Chura,8,M,Boca Llena,51,52.5,54,55.5,57,6,464,Animal viejo descarte - Pastoreo en los 4 potreros
Gerardo Chura Chura,9,M,2,43,45.5,48,50.5,53,10,408,Tui macho sobrante - Uso de 4 potreros instalados
Gerardo Chura Chura,10,M,2,30,33.3,36.6,39.9,43.2,13.2,270.8,Compra externo - Rotación en los 4 potreros
Nilda Norma Condori Herrara,1,M,2,40,42.7,45.4,48.1,50.8,10.8,377.2,Tui macho sobrante - Rotación en los 4 potreros
Nilda Norma Condori Herrara,2,M,2,32,35.8,39.6,43.4,47.2,15.2,326.8,Compra externo flaco - Manejo exclusivo en los 4 potreros
Nilda Norma Condori Herrara,3,H,4,45,46.8,48.6,50.4,52.2,7.2,396.8,Descarte hato - Uso intensivo de los 4 potreros
Nilda Norma Condori Herrara,4,M,2,38,40.8,43.6,46.4,49.2,11.2,354.8,Tui macho sobrante - Solo se cuenta con los 4 potreros
Nilda Norma Condori Herrara,5,M,2,34,37.9,41.8,45.7,49.6,15.6,360.4,Compra externo flaco - Crecimiento en potreros 1 al 4
Nilda Norma Condori Herrara,6,H,2,41,44,47,50,53,12,408,Descarte hato - Rotación en los 4 potreros
Nilda Norma Condori Herrara,7,M,2,36,39.2,42.4,45.6,48.8,12.8,349.2,Compra externo - Alimentación solo en los 4 potreros
Nilda Norma Condori Herrara,8,M,Boca Llena,51,52.5,54,55.5,57,6,464,Animal viejo descarte - Pastoreo en los 4 potreros
Nilda Norma Condori Herrara,9,M,2,43,45.5,48,50.5,53,10,408,Tui macho sobrante - Uso de 4 potreros instalados
Nilda Norma Condori Herrara,10,M,2,30,33.3,36.6,39.9,43.2,13.2,270.8,Compra externo - Rotación en los 4 potreros
Walquer Victor Calderon Sanchez,1,M,2,40,42.7,45.4,48.1,50.8,10.8,377.2,Tui macho sobrante - Rotación en los 4 potreros
Walquer Victor Calderon Sanchez,2,M,2,32,35.8,39.6,43.4,47.2,15.2,326.8,Compra externo flaco - Manejo exclusivo en los 4 potreros
Walquer Victor Calderon Sanchez,3,H,4,45,46.8,48.6,50.4,52.2,7.2,396.8,Descarte hato - Uso intensivo de los 4 potreros
Walquer Victor Calderon Sanchez,4,M,2,38,40.8,43.6,46.4,49.2,11.2,354.8,Tui macho sobrante - Solo se cuenta con los 4 potreros
Walquer Victor Calderon Sanchez,5,M,2,34,37.9,41.8,45.7,49.6,15.6,360.4,Compra externo flaco - Crecimiento en potreros 1 al 4
Walquer Victor Calderon Sanchez,6,H,2,41,44,47,50,53,12,408,Descarte hato - Rotación en los 4 potreros
Walquer Victor Calderon Sanchez,7,M,2,36,39.2,42.4,45.6,48.8,12.8,349.2,Compra externo - Alimentación solo en los 4 potreros
Walquer Victor Calderon Sanchez,8,M,Boca Llena,51,52.5,54,55.5,57,6,464,Animal viejo descarte - Pastoreo en los 4 potreros
Walquer Victor Calderon Sanchez,9,M,2,43,45.5,48,50.5,53,10,408,Tui macho sobrante - Uso de 4 potreros instalados
Walquer Victor Calderon Sanchez,10,M,2,30,33.3,36.6,,,0,0,Compra externo - Muerte día 75 (enterotoxemia). Rotación en los 4 potreros
Pascual Callo Huallpa,1,M,2,40,42.7,45.4,48.1,50.8,10.8,377.2,Tui macho sobrante - Rotación en los 4 potreros
Pascual Callo Huallpa,2,M,2,32,35.8,39.6,43.4,47.2,15.2,326.8,Compra externo flaco - Manejo exclusivo en los 4 potreros
Pascual Callo Huallpa,3,H,4,45,46.8,48.6,50.4,52.2,7.2,396.8,Descarte hato - Uso intensivo de los 4 potreros
Pascual Callo Huallpa,4,M,2,38,40.8,43.6,46.4,49.2,11.2,354.8,Tui macho sobrante - Solo se cuenta con los 4 potreros
Pascual Callo Huallpa,5,M,2,34,37.9,41.8,45.7,49.6,15.6,360.4,Compra externo flaco - Crecimiento en potreros 1 al 4
Pascual Callo Huallpa,6,H,2,41,44,47,50,53,12,408,Descarte hato - Rotación en los 4 potreros
Pascual Callo Huallpa,7,M,2,36,39.2,42.4,45.6,48.8,12.8,349.2,Compra externo - Alimentación solo en los 4 potreros
Pascual Callo Huallpa,8,M,Boca Llena,51,52.5,54,55.5,57,6,464,Animal viejo descarte - Pastoreo en los 4 potreros
Pascual Callo Huallpa,9,M,2,43,45.5,48,50.5,53,10,408,Tui macho sobrante - Uso de 4 potreros instalados
Pascual Callo Huallpa,10,M,2,30,33.3,36.6,39.9,43.2,13.2,270.8,Compra externo - Rotación en los 4 potreros
Felimon Chislla Tito,1,M,2,40,42.7,45.4,48.1,50.8,10.8,377.2,Tui macho sobrante - Rotación en los 4 potreros
Felimon Chislla Tito,2,M,2,32,35.8,39.6,43.4,47.2,15.2,326.8,Compra externo flaco - Manejo exclusivo en los 4 potreros
Felimon Chislla Tito,3,H,4,45,46.8,48.6,50.4,52.2,7.2,396.8,Descarte hato - Uso intensivo de los 4 potreros
Felimon Chislla Tito,4,M,2,38,40.8,43.6,46.4,49.2,11.2,354.8,Tui macho sobrante - Solo se cuenta con los 4 potreros
Felimon Chislla Tito,5,M,2,34,37.9,41.8,45.7,49.6,15.6,360.4,Compra externo flaco - Crecimiento en potreros 1 al 4
Felimon Chislla Tito,6,H,2,41,44,47,50,53,12,408,Descarte hato - Rotación en los 4 potreros
Felimon Chislla Tito,7,M,2,36,39.2,42.4,45.6,48.8,12.8,349.2,Compra externo - Alimentación solo en los 4 potreros
Felimon Chislla Tito,8,M,Boca Llena,51,52.5,54,55.5,57,6,464,Animal viejo descarte - Pastoreo en los 4 potreros
Felimon Chislla Tito,9,M,2,43,45.5,48,50.5,53,10,408,Tui macho sobrante - Uso de 4 potreros instalados
Felimon Chislla Tito,10,M,2,30,33.3,36.6,39.9,43.2,13.2,270.8,Compra externo - Rotación en los 4 potreros
Soledad del Carpio Antezana,1,M,2,40,42.7,45.4,48.1,50.8,10.8,377.2,Tui macho sobrante - Rotación en los 4 potreros
Soledad del Carpio Antezana,2,M,2,32,35.8,39.6,43.4,47.2,15.2,326.8,Compra externo flaco - Manejo exclusivo en los 4 potreros
Soledad del Carpio Antezana,3,H,4,45,46.8,48.6,50.4,52.2,7.2,396.8,Descarte hato - Uso intensivo de los 4 potreros
Soledad del Carpio Antezana,4,M,2,38,40.8,43.6,46.4,49.2,11.2,354.8,Tui macho sobrante - Solo se cuenta con los 4 potreros
Soledad del Carpio Antezana,5,M,2,34,37.9,41.8,,,0,0,Compra externo flaco - Muerte día 88 (timpanismo). Crecimiento en potreros 1 al 4
Soledad del Carpio Antezana,6,H,2,41,44,47,50,53,12,408,Descarte hato - Rotación en los 4 potreros
Soledad del Carpio Antezana,7,M,2,36,39.2,42.4,45.6,48.8,12.8,349.2,Compra externo - Alimentación solo en los 4 potreros
Soledad del Carpio Antezana,8,M,Boca Llena,51,52.5,54,55.5,57,6,464,Animal viejo descarte - Pastoreo en los 4 potreros
Soledad del Carpio Antezana,9,M,2,43,45.5,48,50.5,53,10,408,Tui macho sobrante - Uso de 4 potreros instalados
Soledad del Carpio Antezana,10,M,2,30,33.3,36.6,39.9,43.2,13.2,270.8,Compra externo - Rotación en los 4 potreros
Edwin del Carpio Antezana,1,M,2,40,42.7,45.4,48.1,50.8,10.8,377.2,Tui macho sobrante - Rotación en los 4 potreros
Edwin del Carpio Antezana,2,M,2,32,35.8,39.6,43.4,47.2,15.2,326.8,Compra externo flaco - Manejo exclusivo en los 4 potreros
Edwin del Carpio Antezana,3,H,4,45,46.8,48.6,50.4,52.2,7.2,396.8,Descarte hato - Uso intensivo de los 4 potreros
Edwin del Carpio Antezana,4,M,2,38,40.8,43.6,46.4,49.2,11.2,354.8,Tui macho sobrante - Solo se cuenta con los 4 potreros
Edwin del Carpio Antezana,5,M,2,34,37.9,41.8,45.7,49.6,15.6,360.4,Compra externo flaco - Crecimiento en potreros 1 al 4
Edwin del Carpio Antezana,6,H,2,41,44,47,50,53,12,408,Descarte hato - Rotación en los 4 potreros
Edwin del Carpio Antezana,7,M,2,36,39.2,42.4,45.6,48.8,12.8,349.2,Compra externo - Alimentación solo en los 4 potreros
Edwin del Carpio Antezana,8,M,Boca Llena,51,52.5,54,55.5,57,6,464,Animal viejo descarte - Pastoreo en los 4 potreros
Edwin del Carpio Antezana,9,M,2,43,45.5,48,50.5,53,10,408,Tui macho sobrante - Uso de 4 potreros instalados
Edwin del Carpio Antezana,10,M,2,30,33.3,36.6,39.9,43.2,13.2,270.8,Compra externo - Rotación en los 4 potreros
Nayeli Rosario Guerra Condori,1,M,2,40,42.7,45.4,48.1,50.8,10.8,377.2,Tui macho sobrante - Rotación en los 4 potreros
Nayeli Rosario Guerra Condori,2,M,2,32,35.8,39.6,43.4,47.2,15.2,326.8,Compra externo flaco - Manejo exclusivo en los 4 potreros
Nayeli Rosario Guerra Condori,3,H,4,45,46.8,48.6,50.4,52.2,7.2,396.8,Descarte hato - Uso intensivo de los 4 potreros
Nayeli Rosario Guerra Condori,4,M,2,38,40.8,43.6,46.4,49.2,11.2,354.8,Tui macho sobrante - Solo se cuenta con los 4 potreros
Nayeli Rosario Guerra Condori,5,M,2,34,37.9,41.8,45.7,49.6,15.6,360.4,Compra externo flaco - Crecimiento en potreros 1 al 4
Nayeli Rosario Guerra Condori,6,H,2,41,44,47,50,53,12,408,Descarte hato - Rotación en los 4 potreros
Nayeli Rosario Guerra Condori,7,M,2,36,39.2,42.4,,,0,0,Compra externo - Muerte día 74 (neumonía). Alimentación solo en los 4 potreros
Nayeli Rosario Guerra Condori,8,M,Boca Llena,51,52.5,54,55.5,57,6,464,Animal viejo descarte - Pastoreo en los 4 potreros
Nayeli Rosario Guerra Condori,9,M,2,43,45.5,48,50.5,53,10,408,Tui macho sobrante - Uso de 4 potreros instalados
Nayeli Rosario Guerra Condori,10,M,2,30,33.3,36.6,39.9,43.2,13.2,270.8,Compra externo - Rotación en los 4 potreros
Jorge Luis Huaman Quispe,1,M,2,40,42.7,45.4,48.1,50.8,10.8,377.2,Tui macho sobrante - Rotación en los 4 potreros
Jorge Luis Huaman Quispe,2,M,2,32,35.8,39.6,43.4,47.2,15.2,326.8,Compra externo flaco - Manejo exclusivo en los 4 potreros
Jorge Luis Huaman Quispe,3,H,4,45,46.8,48.6,50.4,52.2,7.2,396.8,Descarte hato - Uso intensivo de los 4 potreros
Jorge Luis Huaman Quispe,4,M,2,38,40.8,43.6,46.4,49.2,11.2,354.8,Tui macho sobrante - Solo se cuenta con los 4 potreros
Jorge Luis Huaman Quispe,5,M,2,34,37.9,41.8,45.7,49.6,15.6,360.4,Compra externo flaco - Crecimiento en potreros 1 al 4
Jorge Luis Huaman Quispe,6,H,2,41,44,47,50,53,12,408,Descarte hato - Rotación en los 4 potreros
Jorge Luis Huaman Quispe,7,M,2,36,39.2,42.4,45.6,48.8,12.8,349.2,Compra externo - Alimentación solo en los 4 potreros
Jorge Luis Huaman Quispe,8,M,Boca Llena,51,52.5,54,55.5,57,6,464,Animal viejo descarte - Pastoreo en los 4 potreros
Jorge Luis Huaman Quispe,9,M,2,43,45.5,48,50.5,53,10,408,Tui macho sobrante - Uso de 4 potreros instalados
Jorge Luis Huaman Quispe,10,M,2,30,33.3,36.6,39.9,43.2,13.2,270.8,Compra externo - Rotación en los 4 potreros
Salome Mamani Gutierrez,1,M,2,40,42.7,45.4,48.1,50.8,10.8,377.2,Tui macho sobrante - Rotación en los 4 potreros
Salome Mamani Gutierrez,2,M,2,32,35.8,39.6,43.4,47.2,15.2,326.8,Compra externo flaco - Manejo exclusivo en los 4 potreros
Salome Mamani Gutierrez,3,H,4,45,46.8,48.6,50.4,52.2,7.2,396.8,Descarte hato - Uso intensivo de los 4 potreros
Salome Mamani Gutierrez,4,M,2,38,40.8,43.6,46.4,49.2,11.2,354.8,Tui macho sobrante - Solo se cuenta con los 4 potreros
Salome Mamani Gutierrez,5,M,2,34,37.9,41.8,45.7,49.6,15.6,360.4,Compra externo flaco - Crecimiento en potreros 1 al 4
Salome Mamani Gutierrez,6,H,2,41,44,47,50,53,12,408,Descarte hato - Rotación en los 4 potreros
Salome Mamani Gutierrez,7,M,2,36,39.2,42.4,45.6,48.8,12.8,349.2,Compra externo - Alimentación solo en los 4 potreros
Salome Mamani Gutierrez,8,M,Boca Llena,51,52.5,54,55.5,57,6,464,Animal viejo descarte - Pastoreo en los 4 potreros
Salome Mamani Gutierrez,9,M,2,43,45.5,48,50.5,53,10,408,Tui macho sobrante - Uso de 4 potreros instalados
Salome Mamani Gutierrez,10,M,2,30,33.3,36.6,39.9,43.2,13.2,270.8,Compra externo - Rotación en los 4 potreros
Pedro Mamani Gutierrez,1,M,2,40,42.7,45.4,48.1,50.8,10.8,377.2,Tui macho sobrante - Rotación en los 4 potreros
Pedro Mamani Gutierrez,2,M,2,32,35.8,39.6,,,0,0,Compra externo flaco - Muerte día 65 (neumonía). Manejo exclusivo en los 4 potreros
Pedro Mamani Gutierrez,3,H,4,45,46.8,48.6,50.4,52.2,7.2,396.8,Descarte hato - Uso intensivo de los 4 potreros
Pedro Mamani Gutierrez,4,M,2,38,40.8,43.6,46.4,49.2,11.2,354.8,Tui macho sobrante - Solo se cuenta con los 4 potreros
Pedro Mamani Gutierrez,5,M,2,34,37.9,41.8,45.7,49.6,15.6,360.4,Compra externo flaco - Crecimiento en potreros 1 al 4
Pedro Mamani Gutierrez,6,H,2,41,44,47,50,53,12,408,Descarte hato - Rotación en los 4 potreros
Pedro Mamani Gutierrez,7,M,2,36,39.2,42.4,45.6,48.8,12.8,349.2,Compra externo - Alimentación solo en los 4 potreros
Pedro Mamani Gutierrez,8,M,Boca Llena,51,52.5,54,55.5,57,6,464,Animal viejo descarte - Pastoreo en los 4 potreros
Pedro Mamani Gutierrez,9,M,2,43,45.5,48,50.5,53,10,408,Tui macho sobrante - Uso de 4 potreros instalados
Pedro Mamani Gutierrez,10,M,2,30,33.3,36.6,39.9,43.2,13.2,270.8,Compra externo - Rotación en los 4 potreros
Maricielo Cueto Paco,1,M,2,40,42.7,45.4,48.1,50.8,10.8,377.2,Tui macho sobrante - Rotación en los 4 potreros
Maricielo Cueto Paco,2,M,2,32,35.8,39.6,43.4,47.2,15.2,326.8,Compra externo flaco - Manejo exclusivo en los 4 potreros
Maricielo Cueto Paco,3,H,4,45,46.8,48.6,50.4,52.2,7.2,396.8,Descarte hato - Uso intensivo de los 4 potreros
Maricielo Cueto Paco,4,M,2,38,40.8,43.6,46.4,49.2,11.2,354.8,Tui macho sobrante - Solo se cuenta con los 4 potreros
Maricielo Cueto Paco,5,M,2,34,37.9,41.8,45.7,49.6,15.6,360.4,Compra externo flaco - Crecimiento en potreros 1 al 4
Maricielo Cueto Paco,6,H,2,41,44,47,50,53,12,408,Descarte hato - Rotación en los 4 potreros
Maricielo Cueto Paco,7,M,2,36,39.2,42.4,45.6,48.8,12.8,349.2,Compra externo - Alimentación solo en los 4 potreros
Maricielo Cueto Paco,8,M,Boca Llena,51,52.5,54,55.5,57,6,464,Animal viejo descarte - Pastoreo en los 4 potreros
Maricielo Cueto Paco,9,M,2,43,45.5,48,50.5,53,10,408,Tui macho sobrante - Uso de 4 potreros instalados
Maricielo Cueto Paco,10,M,2,30,33.3,36.6,39.9,43.2,13.2,270.8,Compra externo - Rotación en los 4 potreros
Juan Mendoza Vilca,1,M,2,40,42.7,45.4,48.1,50.8,10.8,377.2,Tui macho sobrante - Rotación en los 4 potreros
Juan Mendoza Vilca,2,M,2,32,35.8,39.6,43.4,47.2,15.2,326.8,Compra externo flaco - Manejo exclusivo en los 4 potreros
Juan Mendoza Vilca,3,H,4,45,46.8,48.6,50.4,52.2,7.2,396.8,Descarte hato - Uso intensivo de los 4 potreros
Juan Mendoza Vilca,4,M,2,38,40.8,43.6,46.4,49.2,11.2,354.8,Tui macho sobrante - Solo se cuenta con los 4 potreros
Juan Mendoza Vilca,5,M,2,34,37.9,41.8,45.7,49.6,15.6,360.4,Compra externo flaco - Crecimiento en potreros 1 al 4
Juan Mendoza Vilca,6,H,2,41,44,47,50,53,12,408,Descarte hato - Rotación en los 4 potreros
Juan Mendoza Vilca,7,M,2,36,39.2,42.4,45.6,48.8,12.8,349.2,Compra externo - Alimentación solo en los 4 potreros
Juan Mendoza Vilca,8,M,Boca Llena,51,52.5,54,55.5,57,6,464,Animal viejo descarte - Pastoreo en los 4 potreros
Juan Mendoza Vilca,9,M,2,43,45.5,48,50.5,53,10,408,Tui macho sobrante - Uso de 4 potreros instalados
Juan Mendoza Vilca,10,M,2,30,33.3,36.6,39.9,43.2,13.2,270.8,Compra externo - Rotación en los 4 potreros
Julia Paco Gutierrez,1,M,2,40,42.7,45.4,48.1,50.8,10.8,377.2,Tui macho sobrante - Rotación en los 4 potreros
Julia Paco Gutierrez,2,M,2,32,35.8,39.6,43.4,47.2,15.2,326.8,Compra externo flaco - Manejo exclusivo en los 4 potreros
Julia Paco Gutierrez,3,H,4,45,46.8,48.6,50.4,52.2,7.2,396.8,Descarte hato - Uso intensivo de los 4 potreros
Julia Paco Gutierrez,4,M,2,38,40.8,43.6,46.4,49.2,11.2,354.8,Tui macho sobrante - Solo se cuenta con los 4 potreros
Julia Paco Gutierrez,5,M,2,34,37.9,41.8,45.7,49.6,15.6,360.4,Compra externo flaco - Crecimiento en potreros 1 al 4
Julia Paco Gutierrez,6,H,2,41,44,47,50,53,12,408,Descarte hato - Rotación en los 4 potreros
Julia Paco Gutierrez,7,M,2,36,39.2,42.4,45.6,48.8,12.8,349.2,Compra externo - Alimentación solo en los 4 potreros
Julia Paco Gutierrez,8,M,Boca Llena,51,52.5,54,55.5,57,6,464,Animal viejo descarte - Pastoreo en los 4 potreros
Julia Paco Gutierrez,9,M,2,43,45.5,48,50.5,53,10,408,Tui macho sobrante - Uso de 4 potreros instalados
Julia Paco Gutierrez,10,M,2,30,33.3,36.6,,,0,0,Compra externo - Muerte día 80 (timpanismo). Rotación en los 4 potreros
Ninfa Quispe Condori,1,M,2,40,42.7,45.4,48.1,50.8,10.8,377.2,Tui macho sobrante - Rotación en los 4 potreros
Ninfa Quispe Condori,2,M,2,32,35.8,39.6,43.4,47.2,15.2,326.8,Compra externo flaco - Manejo exclusivo en los 4 potreros
Ninfa Quispe Condori,3,H,4,45,46.8,48.6,50.4,52.2,7.2,396.8,Descarte hato - Uso intensivo de los 4 potreros
Ninfa Quispe Condori,4,M,2,38,40.8,43.6,46.4,49.2,11.2,354.8,Tui macho sobrante - Solo se cuenta con los 4 potreros
Ninfa Quispe Condori,5,M,2,34,37.9,41.8,45.7,49.6,15.6,360.4,Compra externo flaco - Crecimiento en potreros 1 al 4
Ninfa Quispe Condori,6,H,2,41,44,47,50,53,12,408,Descarte hato - Rotación en los 4 potreros
Ninfa Quispe Condori,7,M,2,36,39.2,42.4,45.6,48.8,12.8,349.2,Compra externo - Alimentación solo en los 4 potreros
Ninfa Quispe Condori,8,M,Boca Llena,51,52.5,54,55.5,57,6,464,Animal viejo descarte - Pastoreo en los 4 potreros
Ninfa Quispe Condori,9,M,2,43,45.5,48,50.5,53,10,408,Tui macho sobrante - Uso de 4 potreros instalados
Ninfa Quispe Condori,10,M,2,30,33.3,36.6,39.9,43.2,13.2,270.8,Compra externo - Rotación en los 4 potreros
Dianeth Quispe Gutierrez,1,M,2,40,42.7,45.4,48.1,50.8,10.8,377.2,Tui macho sobrante - Rotación en los 4 potreros
Dianeth Quispe Gutierrez,2,M,2,32,35.8,39.6,43.4,47.2,15.2,326.8,Compra externo flaco - Manejo exclusivo en los 4 potreros
Dianeth Quispe Gutierrez,3,H,4,45,46.8,48.6,50.4,52.2,7.2,396.8,Descarte hato - Uso intensivo de los 4 potreros
Dianeth Quispe Gutierrez,4,M,2,38,40.8,43.6,46.4,49.2,11.2,354.8,Tui macho sobrante - Solo se cuenta con los 4 potreros
Dianeth Quispe Gutierrez,5,M,2,34,37.9,41.8,,,0,0,Compra externo flaco - Muerte día 70 (neumonía). Crecimiento en potreros 1 al 4
Dianeth Quispe Gutierrez,6,H,2,41,44,47,50,53,12,408,Descarte hato - Rotación en los 4 potreros
Dianeth Quispe Gutierrez,7,M,2,36,39.2,42.4,45.6,48.8,12.8,349.2,Compra externo - Alimentación solo en los 4 potreros
Dianeth Quispe Gutierrez,8,M,Boca Llena,51,52.5,54,55.5,57,6,464,Animal viejo descarte - Pastoreo en los 4 potreros
Dianeth Quispe Gutierrez,9,M,2,43,45.5,48,50.5,53,10,408,Tui macho sobrante - Uso de 4 potreros instalados
Dianeth Quispe Gutierrez,10,M,2,30,33.3,36.6,39.9,43.2,13.2,270.8,Compra externo - Rotación en los 4 potreros
Ninfa Sarcco Huaman,1,M,2,40,42.7,45.4,48.1,50.8,10.8,377.2,Tui macho sobrante - Rotación en los 4 potreros
Ninfa Sarcco Huaman,2,M,2,32,35.8,39.6,43.4,47.2,15.2,326.8,Compra externo flaco - Manejo exclusivo en los 4 potreros
Ninfa Sarcco Huaman,3,H,4,45,46.8,48.6,50.4,52.2,7.2,396.8,Descarte hato - Uso intensivo de los 4 potreros
Ninfa Sarcco Huaman,4,M,2,38,40.8,43.6,46.4,49.2,11.2,354.8,Tui macho sobrante - Solo se cuenta con los 4 potreros
Ninfa Sarcco Huaman,5,M,2,34,37.9,41.8,45.7,49.6,15.6,360.4,Compra externo flaco - Crecimiento en potreros 1 al 4
Ninfa Sarcco Huaman,6,H,2,41,44,47,50,53,12,408,Descarte hato - Rotación en los 4 potreros
Ninfa Sarcco Huaman,7,M,2,36,39.2,42.4,45.6,48.8,12.8,349.2,Compra externo - Alimentación solo en los 4 potreros
Ninfa Sarcco Huaman,8,M,Boca Llena,51,52.5,54,55.5,57,6,464,Animal viejo descarte - Pastoreo en los 4 potreros
Ninfa Sarcco Huaman,9,M,2,43,45.5,48,50.5,53,10,408,Tui macho sobrante - Uso de 4 potreros instalados
Ninfa Sarcco Huaman,10,M,2,30,33.3,36.6,39.9,43.2,13.2,270.8,Compra externo - Rotación en los 4 potreros
Justiniana Sayhua de Cayo,1,M,2,40,42.7,45.4,48.1,50.8,10.8,377.2,Tui macho sobrante - Rotación en los 4 potreros
Justiniana Sayhua de Cayo,2,M,2,32,35.8,39.6,43.4,47.2,15.2,326.8,Compra externo flaco - Manejo exclusivo en los 4 potreros
Justiniana Sayhua de Cayo,3,H,4,45,46.8,48.6,50.4,52.2,7.2,396.8,Descarte hato - Uso intensivo de los 4 potreros
Justiniana Sayhua de Cayo,4,M,2,38,40.8,43.6,46.4,49.2,11.2,354.8,Tui macho sobrante - Solo se cuenta con los 4 potreros
Justiniana Sayhua de Cayo,5,M,2,34,37.9,41.8,45.7,49.6,15.6,360.4,Compra externo flaco - Crecimiento en potreros 1 al 4
Justiniana Sayhua de Cayo,6,H,2,41,44,47,50,53,12,408,Descarte hato - Rotación en los 4 potreros
Justiniana Sayhua de Cayo,7,M,2,36,39.2,42.4,45.6,48.8,12.8,349.2,Compra externo - Alimentación solo en los 4 potreros
Justiniana Sayhua de Cayo,8,M,Boca Llena,51,52.5,54,55.5,57,6,464,Animal viejo descarte - Pastoreo en los 4 potreros
Justiniana Sayhua de Cayo,9,M,2,43,45.5,48,50.5,53,10,408,Tui macho sobrante - Uso de 4 potreros instalados
Justiniana Sayhua de Cayo,10,M,2,30,33.3,36.6,39.9,43.2,13.2,270.8,Compra externo - Rotación en los 4 potreros
Saturnina Tacca Puma,1,M,2,40,42.7,45.4,48.1,50.8,10.8,377.2,Tui macho sobrante - Rotación en los 4 potreros
Saturnina Tacca Puma,2,M,2,32,35.8,39.6,43.4,47.2,15.2,326.8,Compra externo flaco - Manejo exclusivo en los 4 potreros
Saturnina Tacca Puma,3,H,4,45,46.8,48.6,50.4,52.2,7.2,396.8,Descarte hato - Uso intensivo de los 4 potreros
Saturnina Tacca Puma,4,M,2,38,40.8,43.6,46.4,49.2,11.2,354.8,Tui macho sobrante - Solo se cuenta con los 4 potreros
Saturnina Tacca Puma,5,M,2,34,37.9,41.8,45.7,49.6,15.6,360.4,Compra externo flaco - Crecimiento en potreros 1 al 4
Saturnina Tacca Puma,6,H,2,41,44,47,50,53,12,408,Descarte hato - Rotación en los 4 potreros
Saturnina Tacca Puma,7,M,2,36,39.2,42.4,,,0,0,Compra externo - Muerte día 84 (enterotoxemia). Alimentación solo en los 4 potreros
Saturnina Tacca Puma,8,M,Boca Llena,51,52.5,54,55.5,57,6,464,Animal viejo descarte - Pastoreo en los 4 potreros
Saturnina Tacca Puma,9,M,2,43,45.5,48,50.5,53,10,408,Tui macho sobrante - Uso de 4 potreros instalados
Saturnina Tacca Puma,10,M,2,30,33.3,36.6,39.9,43.2,13.2,270.8,Compra externo - Rotación en los 4 potreros
Lucio Tito Ccama,1,M,2,40,42.7,45.4,48.1,50.8,10.8,377.2,Tui macho sobrante - Rotación en los 4 potreros
Lucio Tito Ccama,2,M,2,32,35.8,39.6,43.4,47.2,15.2,326.8,Compra externo flaco - Manejo exclusivo en los 4 potreros
Lucio Tito Ccama,3,H,4,45,46.8,48.6,50.4,52.2,7.2,396.8,Descarte hato - Uso intensivo de los 4 potreros
Lucio Tito Ccama,4,M,2,38,40.8,43.6,46.4,49.2,11.2,354.8,Tui macho sobrante - Solo se cuenta con los 4 potreros
Lucio Tito Ccama,5,M,2,34,37.9,41.8,45.7,49.6,15.6,360.4,Compra externo flaco - Crecimiento en potreros 1 al 4
Lucio Tito Ccama,6,H,2,41,44,47,50,53,12,408,Descarte hato - Rotación en los 4 potreros
Lucio Tito Ccama,7,M,2,36,39.2,42.4,45.6,48.8,12.8,349.2,Compra externo - Alimentación solo en los 4 potreros
Lucio Tito Ccama,8,M,Boca Llena,51,52.5,54,55.5,57,6,464,Animal viejo descarte - Pastoreo en los 4 potreros
Lucio Tito Ccama,9,M,2,43,45.5,48,50.5,53,10,408,Tui macho sobrante - Uso de 4 potreros instalados
Lucio Tito Ccama,10,M,2,30,33.3,36.6,39.9,43.2,13.2,270.8,Compra externo - Rotación en los 4 potreros
Ceferino Victoriano Ttacca Puma,1,M,2,40,42.7,45.4,48.1,50.8,10.8,377.2,Tui macho sobrante - Rotación en los 4 potreros
Ceferino Victoriano Ttacca Puma,2,M,2,32,35.8,39.6,43.4,47.2,15.2,326.8,Compra externo flaco - Manejo exclusivo en los 4 potreros
Ceferino Victoriano Ttacca Puma,3,H,4,45,46.8,48.6,50.4,52.2,7.2,396.8,Descarte hato - Uso intensivo de los 4 potreros
Ceferino Victoriano Ttacca Puma,4,M,2,38,40.8,43.6,46.4,49.2,11.2,354.8,Tui macho sobrante - Solo se cuenta con los 4 potreros
Ceferino Victoriano Ttacca Puma,5,M,2,34,37.9,41.8,45.7,49.6,15.6,360.4,Compra externo flaco - Crecimiento en potreros 1 al 4
Ceferino Victoriano Ttacca Puma,6,H,2,41,44,47,50,53,12,408,Descarte hato - Rotación en los 4 potreros
Ceferino Victoriano Ttacca Puma,7,M,2,36,39.2,42.4,45.6,48.8,12.8,349.2,Compra externo - Alimentación solo en los 4 potreros
Ceferino Victoriano Ttacca Puma,8,M,Boca Llena,51,52.5,54,55.5,57,6,464,Animal viejo descarte - Pastoreo en los 4 potreros
Ceferino Victoriano Ttacca Puma,9,M,2,43,45.5,48,50.5,53,10,408,Tui macho sobrante - Uso de 4 potreros instalados
Ceferino Victoriano Ttacca Puma,10,M,2,30,33.3,36.6,39.9,43.2,13.2,270.8,Compra externo - Rotación en los 4 potreros
Toribio Ttacca Huaman,1,M,2,40,42.7,45.4,48.1,50.8,10.8,377.2,Tui macho sobrante - Rotación en los 4 potreros
Toribio Ttacca Huaman,2,M,2,32,35.8,39.6,,,0,0,Compra externo flaco - Muerte día 62 (timpanismo). Manejo exclusivo en los 4 potreros
Toribio Ttacca Huaman,3,H,4,45,46.8,48.6,50.4,52.2,7.2,396.8,Descarte hato - Uso intensivo de los 4 potreros
Toribio Ttacca Huaman,4,M,2,38,40.8,43.6,46.4,49.2,11.2,354.8,Tui macho sobrante - Solo se cuenta con los 4 potreros
Toribio Ttacca Huaman,5,M,2,34,37.9,41.8,45.7,49.6,15.6,360.4,Compra externo flaco - Crecimiento en potreros 1 al 4
Toribio Ttacca Huaman,6,H,2,41,44,47,50,53,12,408,Descarte hato - Rotación en los 4 potreros
Toribio Ttacca Huaman,7,M,2,36,39.2,42.4,45.6,48.8,12.8,349.2,Compra externo - Alimentación solo en los 4 potreros
Toribio Ttacca Huaman,8,M,Boca Llena,51,52.5,54,55.5,57,6,464,Animal viejo descarte - Pastoreo en los 4 potreros
Toribio Ttacca Huaman,9,M,2,43,45.5,48,50.5,53,10,408,Tui macho sobrante - Uso de 4 potreros instalados
Toribio Ttacca Huaman,10,M,2,30,33.3,36.6,39.9,43.2,13.2,270.8,Compra externo - Rotación en los 4 potreros
Silvia Villanueva Condori,1,M,2,40,42.7,45.4,48.1,50.8,10.8,377.2,Tui macho sobrante - Rotación en los 4 potreros
Silvia Villanueva Condori,2,M,2,32,35.8,39.6,43.4,47.2,15.2,326.8,Compra externo flaco - Manejo exclusivo en los 4 potreros
Silvia Villanueva Condori,3,H,4,45,46.8,48.6,50.4,52.2,7.2,396.8,Descarte hato - Uso intensivo de los 4 potreros
Silvia Villanueva Condori,4,M,2,38,40.8,43.6,46.4,49.2,11.2,354.8,Tui macho sobrante - Solo se cuenta con los 4 potreros
Silvia Villanueva Condori,5,M,2,34,37.9,41.8,45.7,49.6,15.6,360.4,Compra externo flaco - Crecimiento en potreros 1 al 4
Silvia Villanueva Condori,6,H,2,41,44,47,50,53,12,408,Descarte hato - Rotación en los 4 potreros
Silvia Villanueva Condori,7,M,2,36,39.2,42.4,45.6,48.8,12.8,349.2,Compra externo - Alimentación solo en los 4 potreros
Silvia Villanueva Condori,8,M,Boca Llena,51,52.5,54,55.5,57,6,464,Animal viejo descarte - Pastoreo en los 4 potreros
Silvia Villanueva Condori,9,M,2,43,45.5,48,50.5,53,10,408,Tui macho sobrante - Uso de 4 potreros instalados
Silvia Villanueva Condori,10,M,2,30,33.3,36.6,39.9,43.2,13.2,270.8,Compra externo - Rotación en los 4 potreros
Lucia Martinez Checmapocco,1,M,2,40,42.7,45.4,48.1,50.8,10.8,377.2,Tui macho sobrante - Rotación en los 4 potreros
Lucia Martinez Checmapocco,2,M,2,32,35.8,39.6,43.4,47.2,15.2,326.8,Compra externo flaco - Manejo exclusivo en los 4 potreros
Lucia Martinez Checmapocco,3,H,4,45,46.8,48.6,50.4,52.2,7.2,396.8,Descarte hato - Uso intensivo de los 4 potreros
Lucia Martinez Checmapocco,4,M,2,38,40.8,43.6,46.4,49.2,11.2,354.8,Tui macho sobrante - Solo se cuenta con los 4 potreros
Lucia Martinez Checmapocco,5,M,2,34,37.9,41.8,45.7,49.6,15.6,360.4,Compra externo flaco - Crecimiento en potreros 1 al 4
Lucia Martinez Checmapocco,6,H,2,41,44,47,50,53,12,408,Descarte hato - Rotación en los 4 potreros
Lucia Martinez Checmapocco,7,M,2,36,39.2,42.4,45.6,48.8,12.8,349.2,Compra externo - Alimentación solo en los 4 potreros
Lucia Martinez Checmapocco,8,M,Boca Llena,51,52.5,54,55.5,57,6,464,Animal viejo descarte - Pastoreo en los 4 potreros
Lucia Martinez Checmapocco,9,M,2,43,45.5,48,50.5,53,10,408,Tui macho sobrante - Uso de 4 potreros instalados
Lucia Martinez Checmapocco,10,M,2,30,33.3,36.6,,,0,0,Compra externo - Muerte día 88 (neumonía). Rotación en los 4 potreros