N_Socio,Productor,Peso_Producido_Kg,Total_Ventas_Soles,Fijo_Semillas_Guano,Fijo_Mallas_Equipos,Fijo_Coord_Admin,Var_Alimento,Var_Sanidad,Var_Mano_Obra,Costo_Total,Ganancia_Neta
1,Edgar Cahuana Tacca,446.4,3790.0,350.0,501.9,407.2,912.5,228.0,380.0,2779.6,1010.4
2,Martina Choquepata Huanca,430.0,3650.0,350.0,501.9,407.2,878.6,219.6,366.1,2723.4,926.6
3,Dionicio Choquetocro Guzman,418.2,3550.0,350.0,501.9,407.2,854.4,213.6,356.0,2683.1,866.9
4,Gerardo Chura Chura,400.5,3400.0,350.0,501.9,407.2,818.3,204.6,341.0,2623.0,777.0
5,Nilda Norma Condori Herrara,394.6,3350.0,350.0,501.9,407.2,806.2,201.6,335.9,2602.8,747.2
6,Walquer Victor Calderon Sanchez,382.8,3250.0,350.0,501.9,407.2,782.1,195.5,325.9,2562.6,687.4
7,Pascual Callo Huallpa,435.9,3700.0,350.0,501.9,407.2,890.6,222.7,371.1,2743.5,956.5
8,Felimon Chislla Tito,365.1,3100.0,350.0,501.9,407.2,746.0,186.5,310.8,2502.4,597.6
9,Soledad del Carpio Antezana,371.1,3150.0,350.0,501.9,407.2,758.2,189.6,315.9,2522.8,627.2
10,Edwin del Carpio Antezana,424.1,3600.0,350.0,501.9,407.2,866.5,216.6,361.0,2703.2,896.8
11,Nayeli Rosario Guerra Condori,405.7,3444.0,350.0,501.9,407.2,828.9,207.2,345.4,2640.6,803.4
12,Jorge Luis Huaman Quispe,414.6,3520.0,350.0,501.9,407.2,847.1,211.8,353.0,2671.0,849.0
13,Salome Mamani Gutierrez,387.5,3290.0,350.0,501.9,407.2,791.7,197.9,329.9,2578.6,711.4
14,Pedro Mamani Gutierrez,441.7,3750.0,350.0,501.9,407.2,902.5,225.6,376.0,2763.2,986.8
15,Maricielo Cueto Paco,388.7,3300.0,350.0,501.9,407.2,794.2,198.5,330.9,2582.7,717.3
16,Juan Mendoza Vilca,411.1,3490.0,350.0,501.9,407.2,839.9,210.0,350.0,2659.0,831.0
17,Julia Paco Gutierrez,432.3,3670.0,350.0,501.9,407.2,883.3,220.8,368.0,2731.2,938.8
18,Ninfa Quispe Condori,376.9,3200.0,350.0,501.9,407.2,770.1,192.5,320.9,2542.6,657.4
19,Dianeth Quispe Gutierrez,422.9,3590.0,350.0,501.9,407.2,864.0,216.0,360.0,2699.1,890.9
20,Ninfa Sarcco Huaman,406.4,3450.0,350.0,501.9,407.2,830.3,207.6,346.0,2643.0,807.0
21,Justiniana Sayhua de Cayo,401.7,3410.0,350.0,501.9,407.2,820.7,205.2,342.0,2627.0,783.0
22,Saturnina Tacca Puma,438.2,3720.0,350.0,501.9,407.2,895.3,223.8,373.0,2751.2,968.8
23,Lucio Tito Ccama,374.6,3180.0,350.0,501.9,407.2,765.4,191.3,318.9,2534.7,645.3
24,Ceferino Victoriano Ttacca Puma,379.3,3220.0,350.0,501.9,407.2,775.0,193.7,322.9,2550.7,669.3
25,Toribio Ttacca Huaman,421.7,3580.0,350.0,501.9,407.2,861.6,215.4,359.0,2695.1,884.9
26,Silvia Villanueva Condori,398.1,3380.0,350.0,501.9,407.2,813.4,203.3,338.9,2614.7,765.3
27,Lucia Martinez Checmapocco,375.8,3190.0,350.0,501.9,407.2,767.8,192.0,319.9,2538.8,651.2
