PRODUCTOR,Cabezas Inicio,Muertes,Cabezas Vendidas,Peso Total Vendido Kg,Ingreso Total S/.,CF Semilla Alfalfa S/.,CF Semilla Dactylis S/.,CF Fertilizantes S/.,CF Mallas Ganaderas S/.,CF Postes Puertas S/.,CF Accesorios Tension S/.,CF Kit Veterinario S/. ,CF Asistencia Tecnica S/.,CF Gestion Capacitacion S/.,CV Henificacion S/.,CV Suplemento S/.,CV Antiparasitarios S/.,CV Vitaminas Minerales S/.,CV Emergencias S/.,CV Mano ObraJornales S/.,Costo Total S/.,Ganancia Neta_S/.
Edgar Cahuana Tacca,10,0,10,270.7,3790,121.7,44.3,157.5,202.2,148.2,87.2,49.2,254.1,154.8,356.8,571.9,89.8,79.9,50.7,345.6,2713.9,1076.1
Martina Choquepata Huanca,10,1,9,260.7,3650,118.4,44.5,162.1,199.6,151.6,88.6,49.7,254.6,155.1,399.1,525.2,79.4,61.6,45.7,322.3,2657.5,992.5
Dionicio Choquetocro Guzman,10,1,9,253.6,3550,119.9,44.7,160.1,197.6,150.6,89,50.8,251.4,157,430.2,542.6,98.1,59.6,45.7,338.3,2735.6,814.4
Gerardo Chura Chura,10,1,9,242.9,3400,122,44.3,160.5,201.3,150.7,88.1,49.2,247.6,154.9,367.5,487.4,81.2,75.5,43.6,314.5,2588.3,811.7
Nilda Norma Condori Herrara,10,2,8,239.3,3350,119.7,45.1,160.3,197.8,148.1,88.8,50.3,254.2,154.1,412.8,543.3,97.7,64.7,45,271.3,2653.2,696.8
Walquer Victor Calderon Sanchez,10,2,8,232.1,3250,117.9,44.7,157.6,197.1,151.7,88.7,51,245.9,154.4,393.7,553,84.1,69.8,40.9,297.5,2648,602
Pascual Callo Huallpa,10,0,10,264.3,3700,122,46,161.5,200.8,148.1,89.2,49.8,252.2,154.7,432.1,595.5,102.1,79,57.4,369.2,2859.6,840.4
Felimon Chislla Tito,10,2,8,221.4,3100,120.8,45.9,162.8,200.6,149.7,87.2,49.4,252,157.8,401.4,536.4,80.8,68.5,38.4,324.1,2675.8,424.2
Soledad del Carpio Antezana,10,2,8,225,3150,118.2,45.9,159.7,202.8,149.8,86.7,50.4,254.6,158,337,512,79.6,58.5,44.3,261.6,2519.1,630.9
Edwin del Carpio Antezana,10,1,9,257.1,3600,120.2,44.5,162.4,198.9,151.8,89.1,49.1,251,154.7,373.7,463.2,96.4,57.9,49.9,332.5,2595.3,1004.7
Nayeli Rosario Guerra Condori,10,1,9,246,3444,121.9,46.1,160.2,199.8,147.3,89.4,49.9,246.9,155.8,353.6,447.9,102.9,61.9,47.6,307.6,2538.8,905.2
Jorge Luis Huaman Quispe,10,1,9,251.4,3520,118.8,45,160,200.4,149.5,88.6,50.1,250.4,155.7,326.6,587.3,92,69.9,54.1,327.2,2675.6,844.4
Salome Mamani Gutierrez,10,2,8,235,3290,117.7,45.1,159.5,202.4,147.7,88.4,50,250.7,154.9,344.4,427.2,78.5,60.5,46.8,288.8,2462.6,827.4
Pedro Mamani Gutierrez,10,0,10,267.9,3750,117.9,45.2,162.2,197.2,152.5,87.4,49.9,251.2,157.1,459.8,613.9,107.4,71.8,51.6,290.1,2815.2,934.8
Maricielo Cueto Paco,10,2,8,235.7,3300,121.8,44.8,159.3,196.1,148.3,88.8,50.8,249,153.9,363.3,523.6,82.6,64.5,49.8,281.1,2577.7,722.3
Juan Mendoza Vilca,10,1,9,249.3,3490,120.3,46.1,160.7,199.1,147.4,87.4,49.8,252.6,158.9,432.9,449,92.2,67.1,45,292.8,2601.3,888.7
Julia Paco Gutierrez,10,1,9,262.1,3670,122,44.6,158.2,203.2,151,86.6,49.8,250.7,153.9,354.9,575,104.1,69.1,47.6,291.1,2661.8,1008.2
Ninfa Quispe Condori,10,2,8,228.6,3200,120.6,44.8,162.6,202.9,151.3,89.2,49.2,246.7,158,321.3,421.4,82.8,61.5,42,334.5,2488.8,711.2
Dianeth Quispe Gutierrez,10,1,9,256.4,3590,119,44.6,161,197.1,150.9,86.8,50.9,254.5,157.9,382.1,547.4,78.4,65.7,46.1,311.1,2653.5,936.5
Ninfa Sarcco Huaman,10,1,9,246.4,3450,119.4,45.2,160.6,198.6,150.4,88.9,49.3,254.4,158.2,348.4,577.1,89.2,71.6,49.9,351,2712.2,737.8
Justiniana Sayhua de Cayo,10,1,9,243.6,3410,118,44.3,158,196,150.6,86.3,50.7,252,154.8,348.4,528.1,89,59.1,48.4,266.9,2550.6,859.4
Saturnina Tacca Puma,10,1,9,265.7,3720,119.4,44.4,162.3,197.7,148,88.3,49.1,253.2,156.3,401.1,514.2,100.7,72.7,45,267.7,2620.1,1099.9
Lucio Tito Ccama,10,2,8,227.1,3180,119.3,45.4,158,198.3,152.5,87.1,49.8,253.8,153.7,397.4,440.9,84.5,70.8,48.2,279,2538.7,641.3
Ceferino Victoriano Ttacca Puma,10,2,8,230,3220,121,45.2,162.9,200.8,148.4,86.3,50.2,248.3,155.2,334.8,421.8,92.8,66,45.4,283.8,2462.9,757.1
Toribio Ttacca Huaman,10,1,9,255.7,3580,120.7,44.3,159.3,199.4,147.5,88.4,49.5,245.2,154.4,327.7,510.7,84.6,66,46.5,286.1,2530.3,1049.7
Silvia Villanueva Condori,10,1,9,241.4,3380,117.8,45.4,158.4,200.2,151.1,88,49.6,251.9,158.9,337.2,479.7,79.7,68.7,44.2,302.6,2533.4,846.6
Lucia Martinez Checmapocco,10,2,8,227.9,3190,118.6,45.4,163,202.2,149.3,88.8,49.4,254.4,159.5,391,449.3,83.8,56.8,51.6,329.1,2592.2,597.8