REGISTRO DE PRODUCION Y PRODUCTIVIDAD DEL PERIODO DE ENGORDE MAYO - AGOSTO QUE CORRESPONDE AL PC-1 POA-1,,,,,,,
Nº,PRODUCTOR,DNI,N° Animales Vendidos (Unidades),"Peso Total Vendido 
(Kg)",Peso Promedio por Animal (Kg),Ingreso Total (S/.),Firma
1,Edgar Cahuana Tacca,41616940,10,270.70,27.10,"3,790.00",
2,Martina Choquepata Huanca,02281976,9,260.70,29.00,"3,650.00",
3,Dionicio Choquetocro Guzman,02277235,9,253.60,28.20,"3,550.00",
4,Gerardo Chura Chura,41542385,9,242.90,27.00,"3,400.00",
5,Nilda Norma Condori Herrara,25570663,8,239.30,29.90,"3,350.00",
6,Walquer Victor Calderon Sanchez,02262926,8,232.10,29.00,"3,250.00",
7,Pascual Callo Huallpa,02278815,10,264.30,26.40,"3,700.00",
8,Felimon Chislla Tito,02280199,8,221.40,27.70,"3,100.00",
9,Soledad del Carpio Antezana,02284653,8,225.00,28.10,"3,150.00",
10,Edwin del Carpio Antezana,06769840,9,257.10,28.60,"3,600.00",
11,Nayeli Rosario Guerra Condori,73625042,9,246.00,27.30,"3,444.00",
12,Jorge Luis Huaman Quispe,75890007,9,251.40,27.90,"3,520.00",
13,Salome Mamani Gutierrez,02278386,8,235.00,29.40,"3,290.00",
14,Pedro Mamani Gutierrez,24701189,10,267.90,26.80,"3,750.00",
15,Maricielo Cueto Paco,73513702,8,235.70,29.50,"3,300.00",
16,Juan Mendoza Vilca,02278788,9,249.30,27.70,"3,490.00",
17,Julia Paco Gutierrez,02279143,9,262.10,29.10,"3,670.00",
18,Ninfa Quispe Condori,02278819,8,228.60,28.60,"3,200.00",
19,Dianeth Quispe Gutierrez,02294557,9,256.40,28.50,"3,590.00",
20,Ninfa Sarcco Huaman,48130640,9,246.40,27.40,"3,450.00",
21,Justiniana Sayhua de Cayo,02278611,9,243.60,27.10,"3,410.00",
22,Saturnina Tacca Puma,02204785,9,265.70,29.50,"3,720.00",
23,Lucio Tito Ccama,20551658,8,227.10,28.40,"3,180.00",
24,Ceferino Victoriano Ttacca Puma,02278764,8,230.00,28.80,"3,220.00",
25,Toribio Ttacca Huaman,80201946,9,255.70,28.40,"3,580.00",
26,Silvia Villanueva Condori,40111624,9,241.40,26.80,"3,380.00",
27,Lucia Martinez Checmapocco,02303239,8,227.90,28.50,"3,190.00",
,TOTALES,,236,"6,637.30",28.17,"92,924.00",