Nombres y Apellidos,DNI,Suma Acumulada,Precio Promedio,Costo de Producción,Utilidad
Edgar Cahuana Tacca,41616940,"S/. 3,790.00",S/. 14.00 / kg (carcasa),"S/. 3,130.00",S/. 660.00
Martina Choquepata Huanca,02281976,"S/. 3,650.00",S/. 14.00 / kg (carcasa),"S/. 3,130.00",S/. 520.00
Dionicio Choquetocro Guzman,02277235,"S/. 3,550.00",S/. 14.00 / kg (carcasa),"S/. 3,130.00",S/. 420.00
Gerardo Chura Chura,41542385,"S/. 3,400.00",S/. 14.00 / kg (carcasa),"S/. 3,130.00",S/. 270.00
Nilda Norma Condori Herrara,25570663,"S/. 3,350.00",S/. 14.00 / kg (carcasa),"S/. 3,130.00",S/. 220.00
Walquer Victor Calderon Sanchez,02262926,"S/. 3,250.00",S/. 14.00 / kg (carcasa),"S/. 3,130.00",S/. 120.00
Pascual Callo Huallpa,02278815,"S/. 3,700.00",S/. 14.00 / kg (carcasa),"S/. 3,130.00",S/. 570.00
Felimon Chislla Tito,02280199,"S/. 3,100.00",S/. 14.00 / kg (carcasa),"S/. 3,130.00",S/. -30.00
Soledad del Carpio Antezana,02284653,"S/. 3,150.00",S/. 14.00 / kg (carcasa),"S/. 3,130.00",S/. 20.00
Edwin del Carpio Antezana,06769840,"S/. 3,600.00",S/. 14.00 / kg (carcasa),"S/. 3,130.00",S/. 470.00
Nayeli Rosario Guerra Condori,73625042,"S/. 3,444.00",S/. 14.00 / kg (carcasa),"S/. 3,130.00",S/. 314.00
Jorge Luis Huaman Quispe,75890007,"S/. 3,520.00",S/. 14.00 / kg (carcasa),"S/. 3,130.00",S/. 390.00
Salome Mamani Gutierrez,02278386,"S/. 3,290.00",S/. 14.00 / kg (carcasa),"S/. 3,130.00",S/. 160.00
Pedro Mamani Gutierrez,24701189,"S/. 3,750.00",S/. 14.00 / kg (carcasa),"S/. 3,130.00",S/. 620.00
Maricielo Cueto Paco,73513702,"S/. 3,300.00",S/. 14.00 / kg (carcasa),"S/. 3,130.00",S/. 170.00
Juan Mendoza Vilca,02278788,"S/. 3,490.00",S/. 14.00 / kg (carcasa),"S/. 3,130.00",S/. 360.00
Julia Paco Gutierrez,02279143,"S/. 3,670.00",S/. 14.00 / kg (carcasa),"S/. 3,130.00",S/. 540.00
Ninfa Quispe Condori,02278819,"S/. 3,200.00",S/. 14.00 / kg (carcasa),"S/. 3,130.00",S/. 70.00
Dianeth Quispe Gutierrez,02294557,"S/. 3,590.00",S/. 14.00 / kg (carcasa),"S/. 3,130.00",S/. 460.00
Ninfa Sarcco Huaman,48130640,"S/. 3,450.00",S/. 14.00 / kg (carcasa),"S/. 3,130.00",S/. 320.00
Justiniana Sayhua de Cayo,02278611,"S/. 3,410.00",S/. 14.00 / kg (carcasa),"S/. 3,130.00",S/. 280.00
Saturnina Tacca Puma,02204785,"S/. 3,720.00",S/. 14.00 / kg (carcasa),"S/. 3,130.00",S/. 590.00
Lucio Tito Ccama,20551658,"S/. 3,180.00",S/. 14.00 / kg (carcasa),"S/. 3,130.00",S/. 50.00
Ceferino Victoriano Ttacca Puma,02278764,"S/. 3,220.00",S/. 14.00 / kg (carcasa),"S/. 3,130.00",S/. 90.00
Toribio Ttacca Huaman,80201946,"S/. 3,580.00",S/. 14.00 / kg (carcasa),"S/. 3,130.00",S/. 450.00
Silvia Villanueva Condori,40111624,"S/. 3,380.00",S/. 14.00 / kg (carcasa),"S/. 3,130.00",S/. 250.00
Lucia Martinez Checmapocco,02303239,"S/. 3,190.00",S/. 14.00 / kg (carcasa),"S/. 3,130.00",S/. 60.00
,,"S/. 93,029.00",,,"S/. 8,319.00"