N_Socio,PRODUCTOR,Peso_Producido_Kg,Total_Ventas_Soles,Fijo_Semillas_Guano,Fijo_Mallas_Equipos,Fijo_Coord_Admin,Var_Alimento,Var_Sanidad,Var_Mano_Obra,Costo_Total,Ganancia_Neta
1,Edgar Cahuana Tacca,270.7,3790.0,417.0,597.0,486.0,1076.8,269.2,448.7,3294.7,495.3
2,Martina Choquepata Huanca,260.7,3650.0,417.0,597.0,486.0,1037.2,259.3,432.2,3228.7,421.3
3,Dionicio Choquetocro Guzman,253.6,3550.0,417.0,597.0,486.0,1008.9,252.2,420.4,3181.5,368.5
4,Gerardo Chura Chura,242.9,3400.0,417.0,597.0,486.0,966.4,241.6,402.6,3110.6,289.4
5,Nilda Norma Condori Herrara,239.3,3350.0,417.0,597.0,486.0,952.0,238.0,396.7,3086.7,263.3
6,Walquer Victor Calderon Sanchez,232.1,3250.0,417.0,597.0,486.0,923.4,230.8,384.7,3038.9,211.1
7,Pascual Callo Huallpa,264.3,3700.0,417.0,597.0,486.0,1051.5,262.9,438.1,3252.5,447.5
8,Felimon Chislla Tito,221.4,3100.0,417.0,597.0,486.0,880.8,220.2,367.0,2968.0,132.0
9,Soledad del Carpio Antezana,225.0,3150.0,417.0,597.0,486.0,895.1,223.8,373.0,2991.9,158.1
10,Edwin del Carpio Antezana,257.1,3600.0,417.0,597.0,486.0,1022.9,255.7,426.2,3204.8,395.2
11,Nayeli Rosario Guerra Condori,246.0,3444.0,417.0,597.0,486.0,978.7,244.7,407.8,3131.2,312.8
12,Jorge Luis Huaman Quispe,251.4,3520.0,417.0,597.0,486.0,1000.2,250.0,416.7,3166.9,353.1
13,Salome Mamani Gutierrez,235.0,3290.0,417.0,597.0,486.0,934.9,233.7,389.6,3058.2,231.8
14,Pedro Mamani Gutierrez,267.9,3750.0,417.0,597.0,486.0,1065.8,266.5,444.1,3276.4,473.6
15,Maricielo Cueto Paco,235.7,3300.0,417.0,597.0,486.0,937.7,234.4,390.7,3062.8,237.2
16,Juan Mendoza Vilca,249.3,3490.0,417.0,597.0,486.0,991.8,248.0,413.3,3153.1,336.9
17,Julia Paco Gutierrez,262.1,3670.0,417.0,597.0,486.0,1042.7,260.7,434.5,3237.9,432.1
18,Ninfa Quispe Condori,228.6,3200.0,417.0,597.0,486.0,909.5,227.4,378.9,3015.8,184.2
19,Dianeth Quispe Gutierrez,256.4,3590.0,417.0,597.0,486.0,1020.1,255.0,425.0,3200.1,389.9
20,Ninfa Sarcco Huaman,246.4,3450.0,417.0,597.0,486.0,980.3,245.1,408.5,3133.9,316.1
21,Justiniana Sayhua de Cayo,243.6,3410.0,417.0,597.0,486.0,969.1,242.3,403.8,3115.2,294.8
22,Saturnina Tacca Puma,265.7,3720.0,417.0,597.0,486.0,1057.1,264.3,440.4,3261.8,458.2
23,Lucio Tito Ccama,227.1,3180.0,417.0,597.0,486.0,903.5,225.9,376.5,3005.9,174.1
24,Ceferino Victoriano Ttacca Puma,230.0,3220.0,417.0,597.0,486.0,915.0,228.8,381.3,3025.1,194.9
25,Toribio Ttacca Huaman,255.7,3580.0,417.0,597.0,486.0,1017.3,254.3,423.9,3195.5,384.5
26,Silvia Villanueva Condori,241.4,3380.0,417.0,597.0,486.0,960.4,240.1,400.2,3100.7,279.3
27,Lucia Martinez Checmapocco,227.9,3190.0,417.0,597.0,486.0,906.7,226.7,377.8,3011.2,178.8
