PRODUCTOR,DNI,CabezasInicio,Muertes,Cabezas Vendidas,Peso Total Vendido Kg,Ingreso Total S/.,CF Semilla Alfalfa S/.,CF Semilla Dactylis S/.,CF Fertilizantes S/.,CF Mallas Ganaderas S/.,CF Postes Puertas S/.,CF Accesorios Tension S/.,CF Kit Veterinario S/. ,CF Asistencia Tecnica S/.,CF Gestion Capacitacion S/.,TotalCF s/.,CV Henificacion S/.,CV Suplemento S/.,CV Antiparasitarios S/.,CV Vitaminas Minerales S/.,CV Emergencias S/.,CV Mano Obra S/.,Total CV,Costo Total S/.,Costo/alpaca S/.,Ganancia Neta_S/.,Merged Doc ID - CostosPorSocio,Merged Doc URL - CostosPorSocio,Link to merged Doc - CostosPorSocio,Document Merge Status - CostosPorSocio
Edgar Cahuana Tacca,41616940,10,0,10,270.7,3790,121.7,44.3,157.5,202.2,148.2,87.2,49.2,254.1,154.8,1219.2,356.8,571.9,89.8,79.9,50.7,345.6,1494.7,2713.9,271.4,1076.1,1MWJTxxinSomvXKM7CGwa3K4Xu_4P1ifvNXXFY8yhqZY,https://docs.google.com/document/d/1MWJTxxinSomvXKM7CGwa3K4Xu_4P1ifvNXXFY8yhqZY/edit?usp=drivesdk,CostosPorSocio,"Data merged and appended successfully; Manually run by jh7084929@gmail.com; Timestamp: Jun 21, 2026 1:59 PM"
Martina Choquepata Huanca,02281976,10,1,9,260.7,3650,118.4,44.5,162.1,199.6,151.6,88.6,49.7,254.6,155.1,1224.2,399.1,525.2,79.4,61.6,45.7,322.3,1433.3,2657.5,265.8,992.5,1MWJTxxinSomvXKM7CGwa3K4Xu_4P1ifvNXXFY8yhqZY,https://docs.google.com/document/d/1MWJTxxinSomvXKM7CGwa3K4Xu_4P1ifvNXXFY8yhqZY/edit?usp=drivesdk,CostosPorSocio,"Data merged and appended successfully; Manually run by jh7084929@gmail.com; Timestamp: Jun 21, 2026 1:59 PM"
Dionicio Choquetocro Guzman,02277235,10,1,9,253.6,3550,119.9,44.7,160.1,197.6,150.6,89,50.8,251.4,157,1221.1,430.2,542.6,98.1,59.6,45.7,338.3,1514.5,2735.6,273.6,814.4,1MWJTxxinSomvXKM7CGwa3K4Xu_4P1ifvNXXFY8yhqZY,https://docs.google.com/document/d/1MWJTxxinSomvXKM7CGwa3K4Xu_4P1ifvNXXFY8yhqZY/edit?usp=drivesdk,CostosPorSocio,"Data merged and appended successfully; Manually run by jh7084929@gmail.com; Timestamp: Jun 21, 2026 1:59 PM"
Gerardo Chura Chura,41542385,10,1,9,242.9,3400,122,44.3,160.5,201.3,150.7,88.1,49.2,247.6,154.9,1218.6,367.5,487.4,81.2,75.5,43.6,314.5,1369.7,2588.3,258.8,811.7,1MWJTxxinSomvXKM7CGwa3K4Xu_4P1ifvNXXFY8yhqZY,https://docs.google.com/document/d/1MWJTxxinSomvXKM7CGwa3K4Xu_4P1ifvNXXFY8yhqZY/edit?usp=drivesdk,CostosPorSocio,"Data merged and appended successfully; Manually run by jh7084929@gmail.com; Timestamp: Jun 21, 2026 1:59 PM"
Nilda Norma Condori Herrara,25570663,10,2,8,239.3,3350,119.7,45.1,160.3,197.8,148.1,88.8,50.3,254.2,154.1,1218.4,412.8,543.3,97.7,64.7,45,271.3,1434.8,2653.2,265.3,696.8,1MWJTxxinSomvXKM7CGwa3K4Xu_4P1ifvNXXFY8yhqZY,https://docs.google.com/document/d/1MWJTxxinSomvXKM7CGwa3K4Xu_4P1ifvNXXFY8yhqZY/edit?usp=drivesdk,CostosPorSocio,"Data merged and appended successfully; Manually run by jh7084929@gmail.com; Timestamp: Jun 21, 2026 1:59 PM"
Walquer Victor Calderon Sanchez,02262926,10,2,8,232.1,3250,117.9,44.7,157.6,197.1,151.7,88.7,51,245.9,154.4,1209,393.7,553,84.1,69.8,40.9,297.5,1439,2648,264.8,602,1MWJTxxinSomvXKM7CGwa3K4Xu_4P1ifvNXXFY8yhqZY,https://docs.google.com/document/d/1MWJTxxinSomvXKM7CGwa3K4Xu_4P1ifvNXXFY8yhqZY/edit?usp=drivesdk,CostosPorSocio,"Data merged and appended successfully; Manually run by jh7084929@gmail.com; Timestamp: Jun 21, 2026 1:59 PM"
Pascual Callo Huallpa,02278815,10,0,10,264.3,3700,122,46,161.5,200.8,148.1,89.2,49.8,252.2,154.7,1224.3,432.1,595.5,102.1,79,57.4,369.2,1635.3,2859.6,286.0,840.4,1MWJTxxinSomvXKM7CGwa3K4Xu_4P1ifvNXXFY8yhqZY,https://docs.google.com/document/d/1MWJTxxinSomvXKM7CGwa3K4Xu_4P1ifvNXXFY8yhqZY/edit?usp=drivesdk,CostosPorSocio,"Data merged and appended successfully; Manually run by jh7084929@gmail.com; Timestamp: Jun 21, 2026 1:59 PM"
Felimon Chislla Tito,02280199,10,2,8,221.4,3100,120.8,45.9,162.8,200.6,149.7,87.2,49.4,252,157.8,1226.2,401.4,536.4,80.8,68.5,38.4,324.1,1449.6,2675.8,267.6,424.2,1MWJTxxinSomvXKM7CGwa3K4Xu_4P1ifvNXXFY8yhqZY,https://docs.google.com/document/d/1MWJTxxinSomvXKM7CGwa3K4Xu_4P1ifvNXXFY8yhqZY/edit?usp=drivesdk,CostosPorSocio,"Data merged and appended successfully; Manually run by jh7084929@gmail.com; Timestamp: Jun 21, 2026 1:59 PM"
Soledad del Carpio Antezana,02284653,10,2,8,225,3150,118.2,45.9,159.7,202.8,149.8,86.7,50.4,254.6,158,1226.1,337,512,79.6,58.5,44.3,261.6,1293,2519.1,251.9,630.9,1MWJTxxinSomvXKM7CGwa3K4Xu_4P1ifvNXXFY8yhqZY,https://docs.google.com/document/d/1MWJTxxinSomvXKM7CGwa3K4Xu_4P1ifvNXXFY8yhqZY/edit?usp=drivesdk,CostosPorSocio,"Data merged and appended successfully; Manually run by jh7084929@gmail.com; Timestamp: Jun 21, 2026 1:59 PM"
Edwin del Carpio Antezana,06769840,10,1,9,257.1,3600,120.2,44.5,162.4,198.9,151.8,89.1,49.1,251,154.7,1221.7,373.7,463.2,96.4,57.9,49.9,332.5,1373.6,2595.3,259.5,1004.7,1MWJTxxinSomvXKM7CGwa3K4Xu_4P1ifvNXXFY8yhqZY,https://docs.google.com/document/d/1MWJTxxinSomvXKM7CGwa3K4Xu_4P1ifvNXXFY8yhqZY/edit?usp=drivesdk,CostosPorSocio,"Data merged and appended successfully; Manually run by jh7084929@gmail.com; Timestamp: Jun 21, 2026 1:59 PM"
Nayeli Rosario Guerra Condori,73625042,10,1,9,246,3444,121.9,46.1,160.2,199.8,147.3,89.4,49.9,246.9,155.8,1217.3,353.6,447.9,102.9,61.9,47.6,307.6,1321.5,2538.8,253.9,905.2,1MWJTxxinSomvXKM7CGwa3K4Xu_4P1ifvNXXFY8yhqZY,https://docs.google.com/document/d/1MWJTxxinSomvXKM7CGwa3K4Xu_4P1ifvNXXFY8yhqZY/edit?usp=drivesdk,CostosPorSocio,"Data merged and appended successfully; Manually run by jh7084929@gmail.com; Timestamp: Jun 21, 2026 1:59 PM"
Jorge Luis Huaman Quispe,75890007,10,1,9,251.4,3520,118.8,45,160,200.4,149.5,88.6,50.1,250.4,155.7,1218.5,326.6,587.3,92,69.9,54.1,327.2,1457.1,2675.6,267.6,844.4,1MWJTxxinSomvXKM7CGwa3K4Xu_4P1ifvNXXFY8yhqZY,https://docs.google.com/document/d/1MWJTxxinSomvXKM7CGwa3K4Xu_4P1ifvNXXFY8yhqZY/edit?usp=drivesdk,CostosPorSocio,"Data merged and appended successfully; Manually run by jh7084929@gmail.com; Timestamp: Jun 21, 2026 1:59 PM"
Salome Mamani Gutierrez,02278386,10,2,8,235,3290,117.7,45.1,159.5,202.4,147.7,88.4,50,250.7,154.9,1216.4,344.4,427.2,78.5,60.5,46.8,288.8,1246.2,2462.6,246.3,827.4,1MWJTxxinSomvXKM7CGwa3K4Xu_4P1ifvNXXFY8yhqZY,https://docs.google.com/document/d/1MWJTxxinSomvXKM7CGwa3K4Xu_4P1ifvNXXFY8yhqZY/edit?usp=drivesdk,CostosPorSocio,"Data merged and appended successfully; Manually run by jh7084929@gmail.com; Timestamp: Jun 21, 2026 1:59 PM"
Pedro Mamani Gutierrez,24701189,10,0,10,267.9,3750,117.9,45.2,162.2,197.2,152.5,87.4,49.9,251.2,157.1,1220.6,459.8,613.9,107.4,71.8,51.6,290.1,1594.6,2815.2,281.5,934.8,1MWJTxxinSomvXKM7CGwa3K4Xu_4P1ifvNXXFY8yhqZY,https://docs.google.com/document/d/1MWJTxxinSomvXKM7CGwa3K4Xu_4P1ifvNXXFY8yhqZY/edit?usp=drivesdk,CostosPorSocio,"Data merged and appended successfully; Manually run by jh7084929@gmail.com; Timestamp: Jun 21, 2026 1:59 PM"
Maricielo Cueto Paco,73513702,10,2,8,235.7,3300,121.8,44.8,159.3,196.1,148.3,88.8,50.8,249,153.9,1212.8,363.3,523.6,82.6,64.5,49.8,281.1,1364.9,2577.7,257.8,722.3,1MWJTxxinSomvXKM7CGwa3K4Xu_4P1ifvNXXFY8yhqZY,https://docs.google.com/document/d/1MWJTxxinSomvXKM7CGwa3K4Xu_4P1ifvNXXFY8yhqZY/edit?usp=drivesdk,CostosPorSocio,"Data merged and appended successfully; Manually run by jh7084929@gmail.com; Timestamp: Jun 21, 2026 1:59 PM"
Juan Mendoza Vilca,02278788,10,1,9,249.3,3490,120.3,46.1,160.7,199.1,147.4,87.4,49.8,252.6,158.9,1222.3,432.9,449,92.2,67.1,45,292.8,1379,2601.3,260.1,888.7,1MWJTxxinSomvXKM7CGwa3K4Xu_4P1ifvNXXFY8yhqZY,https://docs.google.com/document/d/1MWJTxxinSomvXKM7CGwa3K4Xu_4P1ifvNXXFY8yhqZY/edit?usp=drivesdk,CostosPorSocio,"Data merged and appended successfully; Manually run by jh7084929@gmail.com; Timestamp: Jun 21, 2026 1:59 PM"
Julia Paco Gutierrez,02279143,10,1,9,262.1,3670,122,44.6,158.2,203.2,151,86.6,49.8,250.7,153.9,1220,354.9,575,104.1,69.1,47.6,291.1,1441.8,2661.8,266.2,1008.2,1MWJTxxinSomvXKM7CGwa3K4Xu_4P1ifvNXXFY8yhqZY,https://docs.google.com/document/d/1MWJTxxinSomvXKM7CGwa3K4Xu_4P1ifvNXXFY8yhqZY/edit?usp=drivesdk,CostosPorSocio,"Data merged and appended successfully; Manually run by jh7084929@gmail.com; Timestamp: Jun 21, 2026 1:59 PM"
Ninfa Quispe Condori,02278819,10,2,8,228.6,3200,120.6,44.8,162.6,202.9,151.3,89.2,49.2,246.7,158,1225.3,321.3,421.4,82.8,61.5,42,334.5,1263.5,2488.8,248.9,711.2,1MWJTxxinSomvXKM7CGwa3K4Xu_4P1ifvNXXFY8yhqZY,https://docs.google.com/document/d/1MWJTxxinSomvXKM7CGwa3K4Xu_4P1ifvNXXFY8yhqZY/edit?usp=drivesdk,CostosPorSocio,"Data merged and appended successfully; Manually run by jh7084929@gmail.com; Timestamp: Jun 21, 2026 1:59 PM"
Dianeth Quispe Gutierrez,02294557,10,1,9,256.4,3590,119,44.6,161,197.1,150.9,86.8,50.9,254.5,157.9,1222.7,382.1,547.4,78.4,65.7,46.1,311.1,1430.8,2653.5,265.4,936.5,1MWJTxxinSomvXKM7CGwa3K4Xu_4P1ifvNXXFY8yhqZY,https://docs.google.com/document/d/1MWJTxxinSomvXKM7CGwa3K4Xu_4P1ifvNXXFY8yhqZY/edit?usp=drivesdk,CostosPorSocio,"Data merged and appended successfully; Manually run by jh7084929@gmail.com; Timestamp: Jun 21, 2026 1:59 PM"
Ninfa Sarcco Huaman,48130640,10,1,9,246.4,3450,119.4,45.2,160.6,198.6,150.4,88.9,49.3,254.4,158.2,1225,348.4,577.1,89.2,71.6,49.9,351,1487.2,2712.2,271.2,737.8,1MWJTxxinSomvXKM7CGwa3K4Xu_4P1ifvNXXFY8yhqZY,https://docs.google.com/document/d/1MWJTxxinSomvXKM7CGwa3K4Xu_4P1ifvNXXFY8yhqZY/edit?usp=drivesdk,CostosPorSocio,"Data merged and appended successfully; Manually run by jh7084929@gmail.com; Timestamp: Jun 21, 2026 1:59 PM"
Justiniana Sayhua de Cayo,02278611,10,1,9,243.6,3410,118,44.3,158,196,150.6,86.3,50.7,252,154.8,1210.7,348.4,528.1,89,59.1,48.4,266.9,1339.9,2550.6,255.1,859.4,1MWJTxxinSomvXKM7CGwa3K4Xu_4P1ifvNXXFY8yhqZY,https://docs.google.com/document/d/1MWJTxxinSomvXKM7CGwa3K4Xu_4P1ifvNXXFY8yhqZY/edit?usp=drivesdk,CostosPorSocio,"Data merged and appended successfully; Manually run by jh7084929@gmail.com; Timestamp: Jun 21, 2026 1:59 PM"
Saturnina Tacca Puma,02204785,10,1,9,265.7,3720,119.4,44.4,162.3,197.7,148,88.3,49.1,253.2,156.3,1218.7,401.1,514.2,100.7,72.7,45,267.7,1401.4,2620.1,262.0,1099.9,1MWJTxxinSomvXKM7CGwa3K4Xu_4P1ifvNXXFY8yhqZY,https://docs.google.com/document/d/1MWJTxxinSomvXKM7CGwa3K4Xu_4P1ifvNXXFY8yhqZY/edit?usp=drivesdk,CostosPorSocio,"Data merged and appended successfully; Manually run by jh7084929@gmail.com; Timestamp: Jun 21, 2026 1:59 PM"
Lucio Tito Ccama,20551658,10,2,8,227.1,3180,119.3,45.4,158,198.3,152.5,87.1,49.8,253.8,153.7,1217.9,397.4,440.9,84.5,70.8,48.2,279,1320.8,2538.7,253.9,641.3,1MWJTxxinSomvXKM7CGwa3K4Xu_4P1ifvNXXFY8yhqZY,https://docs.google.com/document/d/1MWJTxxinSomvXKM7CGwa3K4Xu_4P1ifvNXXFY8yhqZY/edit?usp=drivesdk,CostosPorSocio,"Data merged and appended successfully; Manually run by jh7084929@gmail.com; Timestamp: Jun 21, 2026 1:59 PM"
Ceferino Victoriano Ttacca Puma,02278764,10,2,8,230,3220,121,45.2,162.9,200.8,148.4,86.3,50.2,248.3,155.2,1218.3,334.8,421.8,92.8,66,45.4,283.8,1244.6,2462.9,246.3,757.1,1MWJTxxinSomvXKM7CGwa3K4Xu_4P1ifvNXXFY8yhqZY,https://docs.google.com/document/d/1MWJTxxinSomvXKM7CGwa3K4Xu_4P1ifvNXXFY8yhqZY/edit?usp=drivesdk,CostosPorSocio,"Data merged and appended successfully; Manually run by jh7084929@gmail.com; Timestamp: Jun 21, 2026 1:59 PM"
Toribio Ttacca Huaman,80201946,10,1,9,255.7,3580,120.7,44.3,159.3,199.4,147.5,88.4,49.5,245.2,154.4,1208.7,327.7,510.7,84.6,66,46.5,286.1,1321.6,2530.3,253.0,1049.7,1MWJTxxinSomvXKM7CGwa3K4Xu_4P1ifvNXXFY8yhqZY,https://docs.google.com/document/d/1MWJTxxinSomvXKM7CGwa3K4Xu_4P1ifvNXXFY8yhqZY/edit?usp=drivesdk,CostosPorSocio,"Data merged and appended successfully; Manually run by jh7084929@gmail.com; Timestamp: Jun 21, 2026 1:59 PM"
Silvia Villanueva Condori,40111624,10,1,9,241.4,3380,117.8,45.4,158.4,200.2,151.1,88,49.6,251.9,158.9,1221.3,337.2,479.7,79.7,68.7,44.2,302.6,1312.1,2533.4,253.3,846.6,1MWJTxxinSomvXKM7CGwa3K4Xu_4P1ifvNXXFY8yhqZY,https://docs.google.com/document/d/1MWJTxxinSomvXKM7CGwa3K4Xu_4P1ifvNXXFY8yhqZY/edit?usp=drivesdk,CostosPorSocio,"Data merged and appended successfully; Manually run by jh7084929@gmail.com; Timestamp: Jun 21, 2026 1:59 PM"
Lucia Martinez Checmapocco,02303239,10,2,8,227.9,3190,118.6,45.4,163,202.2,149.3,88.8,49.4,254.4,159.5,1230.6,391,449.3,83.8,56.8,51.6,329.1,1361.6,2592.2,259.2,597.8,1MWJTxxinSomvXKM7CGwa3K4Xu_4P1ifvNXXFY8yhqZY,https://docs.google.com/document/d/1MWJTxxinSomvXKM7CGwa3K4Xu_4P1ifvNXXFY8yhqZY/edit?usp=drivesdk,CostosPorSocio,"Data merged and appended successfully; Manually run by jh7084929@gmail.com; Timestamp: Jun 21, 2026 1:59 PM"