PRODUCTOR,DNI,CabezasInicio,Muertes,Cabezas Vendidas,Peso Total Vendido Kg,Ingreso Total S/.,CF Semilla Alfalfa S/.,CF Semilla Dactylis S/.,CF Fertilizantes S/.,CF Mallas Ganaderas S/.,CF Postes Puertas S/.,CF Accesorios Tension S/.,CF Kit Veterinario S/. ,CF Asistencia Tecnica S/.,CF Gestion Capacitacion S/.,TotalCF s/.,CV Henificacion S/.,CV Suplemento S/.,CV Antiparasitarios S/.,CV Vitaminas Minerales S/.,CV Emergencias S/.,CV Mano Obra S/.,Total CV,Costo Total S/.,Costo/alpaca S/.,Ganancia Neta_S/.
Edgar Cahuana Tacca,41616940,10,1,9,261.5,3661.0,121.4,45.1,163.3,203.6,147.0,87.8,49.3,248.1,155.4,1221.0,378.5,508.7,96.7,70.5,46.5,305.9,1406.9,2627.9,262.8,1033.1
Martina Choquepata Huanca,02281976,10,0,10,291.0,4074.0,118.1,45.8,159.4,197.1,149.4,87.0,49.1,247.1,156.8,1209.8,401.5,531.3,93.3,72.3,50.2,313.4,1462.0,2671.8,267.2,1402.2
Dionicio Choquetocro Guzman,02277235,10,0,10,267.5,3745.0,121.7,44.9,159.8,200.1,147.7,89.2,49.9,254.3,157.9,1225.5,404.1,532.7,94.8,70.1,48.9,320.3,1471.0,2696.5,269.6,1048.5
Gerardo Chura Chura,41542385,10,0,10,279.5,3913.0,121.0,45.0,160.4,197.0,147.7,87.6,50.0,247.4,156.7,1212.9,400.9,582.8,97.1,69.9,50.1,332.8,1533.6,2746.5,274.6,1166.5
Nilda Norma Condori Herrara,25570663,10,2,8,217.5,3045.0,120.6,45.0,160.9,202.1,152.8,89.6,50.3,251.3,155.4,1228.0,393.8,517.3,89.6,66.6,46.4,323.0,1436.6,2664.7,266.5,380.3
Walquer Victor Calderon Sanchez,02262926,10,0,10,287.5,4025.0,122.0,44.9,161.7,197.3,150.7,87.9,49.1,251.9,156.0,1221.6,403.3,549.4,97.8,74.1,51.0,352.8,1528.4,2750.0,275.0,1275.0
Pascual Callo Huallpa,02278815,10,1,9,245.5,3437.0,117.6,45.5,162.1,199.6,152.2,88.7,50.2,251.7,156.0,1223.5,442.4,564.7,96.3,71.7,50.3,351.9,1577.4,2800.9,280.1,636.1
Felimon Chislla Tito,02280199,10,1,9,253.5,3549.0,119.1,45.5,160.1,201.1,151.2,87.1,49.6,254.4,153.9,1222.1,421.7,585.4,103.6,70.8,49.7,325.0,1556.1,2778.3,277.8,770.7
Soledad del Carpio Antezana,02284653,10,0,10,287.5,4025.0,119.4,44.6,161.3,202.5,147.8,87.3,49.0,253.7,153.6,1219.2,376.9,485.7,83.2,66.9,43.6,306.0,1362.3,2581.6,258.2,1443.4
Edwin del Carpio Antezana,06769840,10,1,9,251.0,3514.0,119.7,44.2,162.1,201.9,149.7,86.8,49.8,249.1,154.5,1217.7,377.9,531.8,89.4,70.1,48.1,317.0,1434.4,2652.0,265.2,862.0
Nayeli Rosario Guerra Condori,73625042,10,0,10,281.5,3941.0,121.8,44.5,161.8,199.4,147.2,89.0,49.8,254.7,157.2,1225.4,393.7,557.9,95.0,72.1,51.1,309.7,1479.6,2705.0,270.5,1236.0
Jorge Luis Huaman Quispe,75890007,10,1,9,267.0,3738.0,119.3,45.7,162.8,201.5,147.3,89.0,50.4,253.7,155.8,1225.4,388.3,524.7,92.0,73.3,51.8,317.0,1447.0,2672.4,267.2,1065.6
Salome Mamani Gutierrez,02278386,10,1,9,249.5,3493.0,119.9,45.3,162.2,201.8,148.4,88.5,49.3,249.0,153.5,1217.8,381.0,548.4,92.0,69.5,48.7,312.0,1451.5,2669.4,266.9,823.6
Pedro Mamani Gutierrez,24701189,10,1,9,244.5,3423.0,122.1,44.7,162.9,199.3,149.6,87.5,49.5,255.6,156.0,1227.1,410.8,573.4,92.7,74.6,51.6,321.4,1524.6,2751.7,275.2,671.3
Maricielo Cueto Paco,73513702,10,3,7,184.0,2576.0,119.6,45.5,158.6,197.5,148.4,86.6,50.1,256.1,158.0,1220.3,362.9,528.1,85.5,67.2,45.3,291.7,1380.6,2601.0,260.1,-25.0
Juan Mendoza Vilca,02278788,10,1,9,255.0,3570.0,118.5,45.8,160.1,200.4,151.1,87.5,50.4,253.0,154.4,1221.2,411.7,554.7,100.4,74.2,51.8,331.1,1524.0,2745.3,274.5,824.7
Julia Paco Gutierrez,02279143,10,1,9,245.5,3437.0,120.7,44.5,163.3,196.3,147.1,89.8,49.5,252.3,158.4,1221.8,386.3,538.2,92.3,72.0,50.0,324.6,1463.4,2685.2,268.5,751.8
Ninfa Quispe Condori,02278819,10,0,10,292.0,4088.0,118.6,45.2,163.1,200.5,149.1,88.4,49.4,248.7,158.3,1221.2,409.5,556.0,95.1,72.9,48.6,339.7,1521.8,2743.0,274.3,1345.0
Dianeth Quispe Gutierrez,02294557,10,2,8,226.0,3164.0,118.9,45.0,160.5,199.0,147.2,86.4,50.8,248.2,158.2,1214.3,369.3,477.5,85.1,61.8,44.5,307.8,1346.0,2560.3,256.0,603.7
Ninfa Sarcco Huaman,48130640,10,0,10,256.0,3584.0,120.2,45.9,161.1,201.7,148.9,87.4,49.9,255.5,157.2,1227.8,437.0,545.2,94.5,76.0,50.5,337.8,1541.0,2768.8,276.9,815.2
Justiniana Sayhua de Cayo,02278611,10,1,9,261.0,3654.0,120.2,45.3,158.8,197.4,147.4,87.6,50.8,254.6,153.1,1215.1,410.7,591.2,100.6,75.4,50.1,327.2,1555.2,2770.3,277.0,883.7
Saturnina Tacca Puma,02204785,10,0,10,276.0,3864.0,118.7,45.6,163.1,201.8,151.4,87.2,49.7,255.1,156.4,1228.9,432.6,544.7,94.0,75.9,52.8,350.0,1549.9,2778.8,277.9,1085.2
Lucio Tito Ccama,20551658,10,2,8,214.0,2996.0,122.2,45.9,158.3,201.1,150.8,88.8,50.5,251.4,158.2,1227.2,388.3,565.9,95.3,69.0,47.3,317.0,1482.7,2709.9,271.0,286.1
Ceferino Victoriano Ttacca Puma,02278764,10,3,7,164.0,2296.0,118.6,45.3,157.6,199.8,148.9,87.0,49.7,253.2,158.9,1219.1,380.4,547.3,92.5,67.2,48.1,323.4,1459.0,2678.1,267.8,-382.1
Toribio Ttacca Huaman,80201946,10,0,10,279.0,3906.0,117.7,45.8,162.3,201.6,148.4,86.8,50.8,247.0,158.5,1218.7,412.1,562.9,105.1,77.2,52.4,349.5,1559.1,2777.9,277.8,1128.1
Silvia Villanueva Condori,40111624,10,1,9,246.5,3451.0,118.7,44.4,159.5,200.2,150.3,87.4,49.6,246.7,157.6,1214.4,381.3,532.9,95.8,70.0,51.3,308.2,1439.4,2653.8,265.4,797.2
Lucia Martinez Checmapocco,02303239,10,0,10,262.0,3668.0,120.3,44.2,163.1,202.0,150.4,86.7,50.8,254.2,157.8,1229.5,399.7,553.4,95.1,73.5,50.9,329.0,1501.6,2731.1,273.1,936.9
