Nombre_Socio,DNI,Cabezas_Inicio,Muertes,Cabezas Vendidas,Peso Total Vendido Kg,Ingreso_Total,CF_Semilla_Alfalfa,CF_Semilla_Dactylis,CF_Fertilizantes,CF_Mallas_Ganaderas,CF_Postes_Puertas,CF_Accesorios_Tension,CF_Kit_Veterinario,CF_Asistencia_Tecnica,CF_Gestion_Capacitacion,Total_CF,CV_Henificacion,CV_Suplemento_Alimenticio,CV_Antiparasitarios,CV_Vitaminas_Minerales,CV_Emergencias_Veterinarias,CV_Mano_Obra,Total_CV,Costo_Total,Costo_Alpaca,Ganancia_Neta
Edgar Cahuana Tacca,41616940,10,0,10,265.5,3717.0,120.9,44.8,160.9,202.6,152.2,87.2,49.1,250.7,155.2,1223.6,412.4,572.8,104.4,72.7,54.1,331.4,1547.7,2771.3,277.1,945.7
Martina Choquepata Huanca,02281976,10,0,10,261.0,3654.0,118.9,44.7,158.8,202.9,148.0,89.2,49.1,247.7,157.6,1217.0,357.0,496.9,89.7,62.7,47.1,294.6,1347.9,2565.0,256.5,1089.0
Dionicio Choquetocro Guzman,02277235,10,0,10,282.5,3955.0,117.6,45.8,160.7,197.7,146.9,88.9,49.6,256.2,155.5,1219.0,386.0,486.9,90.6,63.5,46.7,295.9,1369.6,2588.7,258.9,1366.3
Gerardo Chura Chura,41542385,10,0,10,285.5,3997.0,118.3,44.6,163.5,202.8,147.3,87.4,50.2,251.2,158.7,1224.0,381.2,538.3,87.8,65.8,49.0,301.5,1423.6,2647.6,264.8,1349.4
Nilda Norma Condori Herrara,25570663,10,0,10,284.5,3983.0,122.2,45.5,158.2,198.5,150.5,87.7,49.3,256.1,153.4,1221.3,436.9,570.4,98.1,77.9,55.2,330.2,1568.6,2789.9,279.0,1193.1
Walquer Victor Calderon Sanchez,02262926,10,0,10,283.5,3969.0,121.9,45.7,159.7,202.9,147.7,89.2,50.5,255.1,153.9,1226.7,367.6,502.4,86.7,64.5,47.1,293.9,1362.2,2589.0,258.9,1380.0
Pascual Callo Huallpa,02278815,10,0,10,257.5,3605.0,119.9,44.8,162.2,197.0,150.5,86.8,49.0,251.9,154.6,1216.8,369.3,502.9,87.6,63.5,43.3,302.9,1369.4,2586.2,258.6,1018.8
Felimon Chislla Tito,02280199,10,0,10,281.5,3941.0,122.0,45.6,157.3,202.7,150.1,87.7,49.8,247.6,153.1,1215.8,397.9,576.9,95.7,74.9,50.0,320.4,1515.8,2731.6,273.2,1209.4
Soledad del Carpio Antezana,02284653,10,0,10,283.0,3962.0,118.5,45.9,160.1,200.9,151.8,89.5,48.9,246.3,154.1,1215.9,411.7,579.9,93.1,72.9,51.4,318.5,1527.6,2743.5,274.3,1218.5
Edwin del Carpio Antezana,06769840,10,0,10,275.0,3850.0,118.9,45.0,163.4,196.6,151.8,88.0,50.8,255.0,158.8,1228.2,423.8,569.7,93.7,75.4,49.7,346.0,1558.3,2786.5,278.7,1063.5
Nayeli Rosario Guerra Condori,73625042,10,0,10,280.0,3920.0,121.4,44.2,160.9,198.8,148.0,89.2,50.7,254.4,154.0,1221.5,405.9,584.0,95.4,76.0,51.9,347.0,1560.1,2781.6,278.2,1138.4
Jorge Luis Huaman Quispe,75890007,10,0,10,288.0,4032.0,121.8,44.6,161.1,197.9,147.1,89.2,50.3,250.5,158.6,1221.1,424.3,569.8,104.2,72.1,55.2,342.5,1568.1,2789.2,278.9,1242.8
Salome Mamani Gutierrez,02278386,10,0,10,280.5,3927.0,118.2,44.7,162.0,201.2,151.6,86.7,50.0,253.0,155.7,1223.1,399.7,550.8,90.5,65.1,47.0,325.6,1478.6,2701.7,270.2,1225.3
Pedro Mamani Gutierrez,24701189,10,1,9,265.5,3717.0,117.5,44.2,162.6,203.1,147.7,88.1,49.1,248.9,154.2,1215.6,403.8,574.7,96.6,71.1,52.1,335.9,1534.3,2749.9,275.0,967.1
Maricielo Cueto Paco,73513702,10,1,9,233.0,3262.0,118.9,45.1,158.4,201.1,150.0,89.5,49.2,249.9,157.4,1219.4,410.1,535.2,100.7,72.5,51.5,318.4,1488.3,2707.8,270.8,554.2
Juan Mendoza Vilca,02278788,10,1,9,257.5,3605.0,120.5,44.5,160.6,199.5,148.0,88.4,50.7,251.0,156.7,1219.8,399.5,583.6,95.6,70.4,52.8,349.2,1551.1,2770.9,277.1,834.1
Julia Paco Gutierrez,02279143,10,0,10,302.0,4228.0,120.9,45.7,161.8,198.7,147.8,88.7,49.0,249.1,155.6,1217.2,408.4,535.4,91.0,69.4,48.6,317.7,1470.4,2687.7,268.8,1540.3
Ninfa Quispe Condori,02278819,10,0,10,281.5,3941.0,121.2,45.9,162.4,196.6,148.7,88.4,50.3,252.6,153.5,1219.6,414.8,563.4,94.0,74.4,53.4,348.1,1548.1,2767.7,276.8,1173.3
Dianeth Quispe Gutierrez,02294557,10,1,9,251.5,3521.0,121.7,44.9,163.2,199.7,151.6,87.2,50.1,252.8,155.8,1227.0,368.4,518.0,94.0,68.9,48.4,298.0,1395.7,2622.7,262.3,898.3
Ninfa Sarcco Huaman,48130640,10,0,10,284.0,3976.0,122.0,44.9,162.0,201.3,148.7,86.7,50.7,254.8,154.7,1225.8,369.9,538.1,86.2,66.7,48.0,297.7,1406.6,2632.4,263.2,1343.6
Justiniana Sayhua de Cayo,02278611,10,1,9,250.5,3507.0,119.8,44.3,160.3,200.2,148.3,88.7,49.1,256.1,153.9,1220.8,373.6,471.2,85.9,65.3,43.1,285.7,1324.8,2545.5,254.6,961.5
Saturnina Tacca Puma,02204785,10,0,10,283.0,3962.0,119.7,45.4,161.6,203.4,147.2,86.5,48.9,252.5,155.9,1221.3,377.1,492.2,88.4,66.1,44.8,307.1,1375.7,2597.0,259.7,1365.0
Lucio Tito Ccama,20551658,10,0,10,293.0,4102.0,117.9,45.9,159.4,200.3,151.0,89.6,50.2,247.3,154.5,1216.0,414.4,591.5,102.8,74.8,51.5,348.3,1583.2,2799.2,279.9,1302.8
Ceferino Victoriano Ttacca Puma,02278764,10,1,9,229.5,3213.0,121.8,45.7,161.2,199.8,147.9,89.1,49.9,252.7,156.7,1224.9,387.2,515.3,85.5,68.5,44.8,310.8,1412.0,2636.9,263.7,576.1
Toribio Ttacca Huaman,80201946,10,1,9,250.0,3500.0,119.0,45.3,160.8,201.2,150.0,89.4,49.9,246.7,157.0,1219.3,405.1,512.5,88.2,67.0,47.4,329.1,1449.2,2668.5,266.8,831.5
Silvia Villanueva Condori,40111624,10,1,9,250.5,3507.0,120.3,45.9,162.3,197.7,151.1,89.0,50.0,250.0,158.4,1224.6,404.2,532.3,98.3,71.8,50.4,343.9,1500.8,2725.5,272.5,781.5
Lucia Martinez Checmapocco,02303239,10,1,9,257.5,3605.0,117.6,45.1,163.5,202.9,150.8,89.8,49.0,254.1,157.3,1230.1,403.1,584.3,93.4,71.7,52.0,327.1,1531.6,2761.7,276.2,843.3
