SEPTIEMBRE - OCTUBRE ,,,,,,,,,,,,,,
Socio,ID,Sexo,Edad,Manejo,Peso Inicial (Kg),Control 1 (Kg),Control 2 (Kg),Control 3 (Kg),Peso Final (Kg),Ganancia Neta (Kg),kg/dia,Peso Carcasa (Kg),Ingreso S/.,Observaciones
Edgar Cahuana Tacca,1,M,2,Promedio,41,42.6,45,48.2,51.8,10.8,0.09,28.5,398.9,Tui macho - potreros + suplemento ligero
Edgar Cahuana Tacca,2,M,2,Promedio,30,31.9,34.6,38.4,42.5,12.5,0.104,23.4,327.3,Compra flaco - compensatoria con suplemento
Edgar Cahuana Tacca,3,H,4,Promedio,46,47.1,48.8,51.1,53.6,7.6,0.063,29.5,412.7,Descarte hato - limitada por edad
Edgar Cahuana Tacca,4,M,2,Promedio,39,40.6,42.9,46,49.5,10.5,0.088,27.2,381.2,Tui macho - engorde en potreros
Edgar Cahuana Tacca,5,M,2,Promedio,33,34.8,37.4,41,45,12,0.1,24.8,346.5,Compra flaco - compensatoria
Edgar Cahuana Tacca,6,H,2,Promedio,42,43.4,45.6,48.4,51.6,9.6,0.08,28.4,397.3,Descarte hato - rotacion
Edgar Cahuana Tacca,7,M,2,Promedio,35,36.7,39.1,42.5,46.2,11.2,0.093,25.4,355.7,Compra externo - suplemento en seca
Edgar Cahuana Tacca,8,M,Boca Llena,Promedio,52,52.9,54.3,56.2,58.2,6.2,0.052,32,448.1,Animal viejo - minima por edad
Edgar Cahuana Tacca,9,M,2,Promedio,44,45.5,47.7,50.7,54,10,0.083,29.7,415.8,Tui macho - uso de 4 potreros
Edgar Cahuana Tacca,10,M,2,Promedio,36,37.6,40,43.2,46.8,10.8,0.09,25.7,360.4,Compra externo - rotacion
Martina Choquepata Huanca,1,M,2,Bueno,42,43.8,46.4,50,54,12,0.1,29.7,415.8,Tui macho - manejo bueno + suplemento
Martina Choquepata Huanca,2,M,2,Bueno,31,33.1,36.2,40.4,45,14,0.117,24.8,346.5,Compra flaco - fuerte compensatoria
Martina Choquepata Huanca,3,H,4,Bueno,47,48.4,50.3,53,56,9,0.075,30.8,431.2,Descarte hato - engorde para saca
Martina Choquepata Huanca,4,M,2,Bueno,40,41.8,44.4,47.9,51.8,11.8,0.098,28.5,398.9,Tui macho - engorde
Martina Choquepata Huanca,5,M,2,Bueno,34,36,39,43.1,47.6,13.6,0.113,26.2,366.5,Compra flaco - compensatoria
Martina Choquepata Huanca,6,H,2,Bueno,43,44.7,47.1,50.4,54,11,0.092,29.7,415.8,Descarte hato - rotacion
Martina Choquepata Huanca,7,M,2,Bueno,36,37.9,40.7,44.4,48.6,12.6,0.105,26.7,374.2,Compra externo - suplemento en seca
Martina Choquepata Huanca,8,M,Boca Llena,Bueno,53,54.1,55.7,58,60.4,7.4,0.062,33.2,465.1,Animal viejo - limitada por edad
Martina Choquepata Huanca,9,M,2,Bueno,45,46.7,49.3,52.8,56.6,11.6,0.097,31.1,435.8,Tui macho - uso de 4 potreros
Martina Choquepata Huanca,10,M,2,Bueno,31,32.6,34.9,,,,,,0,Compra flaco - muerte dia 75 (neumonia)
Dionicio Choquetocro Guzman,1,M,2,Promedio,40.7,42.3,44.7,47.9,51.5,10.8,0.09,28.3,396.6,Tui macho - potreros + suplemento ligero
Dionicio Choquetocro Guzman,2,M,2,Promedio,29.7,31.6,34.3,38.1,42.2,12.5,0.104,23.2,325,Compra flaco - compensatoria
Dionicio Choquetocro Guzman,3,H,4,Promedio,45.7,46.8,48.5,50.8,53.3,7.6,0.063,29.3,410.4,Descarte hato - limitada por edad
Dionicio Choquetocro Guzman,4,M,2,Promedio,38.7,40.3,42.6,45.7,49.2,10.5,0.088,27.1,378.8,Tui macho - engorde en potreros
Dionicio Choquetocro Guzman,5,M,2,Promedio,32.7,34.5,37.1,40.7,44.7,12,0.1,24.6,344.2,Compra flaco - compensatoria
Dionicio Choquetocro Guzman,6,H,2,Promedio,41.7,43.1,45.3,48.1,51.3,9.6,0.08,28.2,395,Descarte hato - rotacion
Dionicio Choquetocro Guzman,7,M,2,Promedio,34.7,36.4,38.8,42.2,45.9,11.2,0.093,25.2,353.4,Compra externo - suplemento en seca
Dionicio Choquetocro Guzman,8,M,Boca Llena,Promedio,51.7,52.6,54,55.9,57.9,6.2,0.052,31.8,445.8,Animal viejo - minima por edad
Dionicio Choquetocro Guzman,9,M,2,Promedio,43.7,45.2,47.4,50.4,53.7,10,0.083,29.5,413.5,Tui macho - uso de 4 potreros
Dionicio Choquetocro Guzman,10,M,2,Promedio,28.7,30.3,32.6,,,,,,0,Compra flaco - muerte dia 80 (timpanismo)
Gerardo Chura Chura,1,M,2,Bueno,42.3,44.1,46.7,50.3,54.3,12,0.1,29.9,418.1,Tui macho - manejo bueno + suplemento
Gerardo Chura Chura,2,M,2,Bueno,31.3,33.4,36.5,40.7,45.3,14,0.117,24.9,348.8,Compra flaco - fuerte compensatoria
Gerardo Chura Chura,3,H,4,Bueno,47.3,48.7,50.6,53.3,56.3,9,0.075,31,433.5,Descarte hato - engorde para saca
Gerardo Chura Chura,4,M,2,Bueno,40.3,42.1,44.7,48.2,52.1,11.8,0.098,28.7,401.2,Tui macho - engorde
Gerardo Chura Chura,5,M,2,Bueno,34.3,36.3,39.3,43.4,47.9,13.6,0.113,26.3,368.8,Compra flaco - compensatoria
Gerardo Chura Chura,6,H,2,Bueno,43.3,45,47.4,50.7,54.3,11,0.092,29.9,418.1,Descarte hato - rotacion
Gerardo Chura Chura,7,M,2,Bueno,36.3,38.2,41,44.7,48.9,12.6,0.105,26.9,376.5,Compra externo - suplemento en seca
Gerardo Chura Chura,8,M,Boca Llena,Bueno,53.3,54.4,56,58.3,60.7,7.4,0.062,33.4,467.4,Animal viejo - limitada por edad
Gerardo Chura Chura,9,M,2,Bueno,45.3,47,49.6,53.1,56.9,11.6,0.097,31.3,438.1,Tui macho - uso de 4 potreros
Gerardo Chura Chura,10,M,2,Bueno,37.3,39.1,41.8,45.5,49.5,12.2,0.102,27.2,381.2,Compra externo - rotacion
Nilda Norma Condori Herrara,1,M,2,Deficiente,40,41.4,43.4,46.2,49.2,9.2,0.077,27.1,378.8,Tui macho - pastoreo pobre en seca
Nilda Norma Condori Herrara,2,M,2,Deficiente,29,30.6,33,36.2,39.8,10.8,0.09,21.9,306.5,Compra flaco - recuperacion lenta
Nilda Norma Condori Herrara,3,H,4,Deficiente,45,46,47.4,49.4,51.6,6.6,0.055,28.4,397.3,Descarte hato - minima
Nilda Norma Condori Herrara,4,M,2,Deficiente,38,39.4,41.3,44,47,9,0.075,25.9,361.9,Tui macho - engorde limitado
Nilda Norma Condori Herrara,5,M,2,Deficiente,32,33.6,35.9,39,42.4,10.4,0.087,23.3,326.5,Compra flaco - compensatoria moderada
Nilda Norma Condori Herrara,6,H,2,Deficiente,41,42.2,44,46.5,49.2,8.2,0.068,27.1,378.8,Descarte hato - rotacion
Nilda Norma Condori Herrara,7,M,2,Deficiente,34,35.4,37.6,40.4,43.6,9.6,0.08,24,335.7,Compra externo - engorde limitado
Nilda Norma Condori Herrara,8,M,Boca Llena,Deficiente,51,51.8,53,54.6,56.4,5.4,0.045,31,434.3,Animal viejo - casi nula por edad
Nilda Norma Condori Herrara,9,M,2,Deficiente,43,44.3,46.2,48.8,51.6,8.6,0.072,28.4,397.3,Tui macho - engorde limitado
Nilda Norma Condori Herrara,10,M,2,Deficiente,35,36.4,38.4,41.2,44.2,9.2,0.077,24.3,340.3,Compra externo - engorde limitado
Walquer Victor Calderon Sanchez,1,M,2,Deficiente,40.3,41.7,43.7,46.5,49.5,9.2,0.077,27.2,381.2,Tui macho - pastoreo pobre en seca
Walquer Victor Calderon Sanchez,2,M,2,Deficiente,29.3,30.9,33.3,36.5,40.1,10.8,0.09,22.1,308.8,Compra flaco - recuperacion lenta
Walquer Victor Calderon Sanchez,3,H,4,Deficiente,45.3,46.3,47.7,49.7,51.9,6.6,0.055,28.5,399.6,Descarte hato - minima
Walquer Victor Calderon Sanchez,4,M,2,Deficiente,38.3,39.7,41.6,44.3,47.3,9,0.075,26,364.2,Tui macho - engorde limitado
Walquer Victor Calderon Sanchez,5,M,2,Deficiente,32.3,33.9,36.2,39.3,42.7,10.4,0.087,23.5,328.8,Compra flaco - compensatoria moderada
Walquer Victor Calderon Sanchez,6,H,2,Deficiente,41.3,42.5,44.3,46.8,49.5,8.2,0.068,27.2,381.2,Descarte hato - rotacion
Walquer Victor Calderon Sanchez,7,M,2,Deficiente,34.3,35.7,37.9,40.7,43.9,9.6,0.08,24.1,338,Compra externo - engorde limitado
Walquer Victor Calderon Sanchez,8,M,Boca Llena,Deficiente,51.3,52.1,53.3,54.9,56.7,5.4,0.045,31.2,436.6,Animal viejo - casi nula por edad
Walquer Victor Calderon Sanchez,9,M,2,Deficiente,43.3,44.6,46.5,49.1,51.9,8.6,0.072,28.5,399.6,Tui macho - engorde limitado
Walquer Victor Calderon Sanchez,10,M,2,Deficiente,29.3,30.9,33.2,,,,,,0,Compra flaco - muerte dia 65 (neumonia)
Pascual Callo Huallpa,1,M,2,Promedio,41.4,43,45.4,48.6,52.2,10.8,0.09,28.7,402,Tui macho - potreros + suplemento ligero
Pascual Callo Huallpa,2,M,2,Promedio,30.4,32.3,35,38.8,42.9,12.5,0.104,23.6,330.3,Compra flaco - compensatoria
Pascual Callo Huallpa,3,H,4,Promedio,46.4,47.5,49.2,51.5,54,7.6,0.063,29.7,415.8,Descarte hato - limitada por edad
Pascual Callo Huallpa,4,M,2,Promedio,39.4,41,43.3,46.4,49.9,10.5,0.088,27.4,384.2,Tui macho - engorde en potreros
Pascual Callo Huallpa,5,M,2,Promedio,33.4,35.2,37.8,41.4,45.4,12,0.1,25,349.6,Compra flaco - compensatoria
Pascual Callo Huallpa,6,H,2,Promedio,42.4,43.8,46,48.8,52,9.6,0.08,28.6,400.4,Descarte hato - rotacion
Pascual Callo Huallpa,7,M,2,Promedio,35.4,37.1,39.5,42.9,46.6,11.2,0.093,25.6,358.8,Compra externo - suplemento en seca
Pascual Callo Huallpa,8,M,Boca Llena,Promedio,52.4,53.3,54.7,56.6,58.6,6.2,0.052,32.2,451.2,Animal viejo - minima por edad
Pascual Callo Huallpa,9,M,2,Promedio,44.4,45.9,48.1,51.1,54.4,10,0.083,29.9,418.9,Tui macho - uso de 4 potreros
Pascual Callo Huallpa,10,M,2,Promedio,36.4,38,40.4,43.6,47.2,10.8,0.09,26,363.4,Compra externo - rotacion
Felimon Chislla Tito,1,M,2,Bueno,41.6,43.4,46,49.6,53.6,12,0.1,29.5,412.7,Tui macho - manejo bueno + suplemento
Felimon Chislla Tito,2,M,2,Bueno,30.6,32.7,35.8,40,44.6,14,0.117,24.5,343.4,Compra flaco - fuerte compensatoria
Felimon Chislla Tito,3,H,4,Bueno,46.6,48,49.9,52.6,55.6,9,0.075,30.6,428.1,Descarte hato - engorde para saca
Felimon Chislla Tito,4,M,2,Bueno,39.6,41.4,44,47.5,51.4,11.8,0.098,28.3,395.8,Tui macho - engorde
Felimon Chislla Tito,5,M,2,Bueno,33.6,35.6,38.6,42.7,47.2,13.6,0.113,26,363.4,Compra flaco - compensatoria
Felimon Chislla Tito,6,H,2,Bueno,42.6,44.3,46.7,50,53.6,11,0.092,29.5,412.7,Descarte hato - rotacion
Felimon Chislla Tito,7,M,2,Bueno,35.6,37.5,40.3,44,48.2,12.6,0.105,26.5,371.1,Compra externo - suplemento en seca
Felimon Chislla Tito,8,M,Boca Llena,Bueno,52.6,53.7,55.3,57.6,60,7.4,0.062,33,462,Animal viejo - limitada por edad
Felimon Chislla Tito,9,M,2,Bueno,44.6,46.3,48.9,52.4,56.2,11.6,0.097,30.9,432.7,Tui macho - uso de 4 potreros
Felimon Chislla Tito,10,M,2,Bueno,36.6,38.4,41.1,44.8,48.8,12.2,0.102,26.8,375.8,Compra externo - rotacion
Soledad del Carpio Antezana,1,M,2,Deficiente,39.7,41.1,43.1,45.9,48.9,9.2,0.077,26.9,376.5,Tui macho - pastoreo pobre en seca
Soledad del Carpio Antezana,2,M,2,Deficiente,28.7,30.3,32.7,35.9,39.5,10.8,0.09,21.7,304.2,Compra flaco - recuperacion lenta
Soledad del Carpio Antezana,3,H,4,Deficiente,44.7,45.7,47.1,49.1,51.3,6.6,0.055,28.2,395,Descarte hato - minima
Soledad del Carpio Antezana,4,M,2,Deficiente,37.7,39.1,41,43.7,46.7,9,0.075,25.7,359.6,Tui macho - engorde limitado
Soledad del Carpio Antezana,5,M,2,Deficiente,31.7,33.3,35.6,38.7,42.1,10.4,0.087,23.2,324.2,Compra flaco - compensatoria moderada
Soledad del Carpio Antezana,6,H,2,Deficiente,40.7,41.9,43.7,46.2,48.9,8.2,0.068,26.9,376.5,Descarte hato - rotacion
Soledad del Carpio Antezana,7,M,2,Deficiente,33.7,35.1,37.3,40.1,43.3,9.6,0.08,23.8,333.4,Compra externo - engorde limitado
Soledad del Carpio Antezana,8,M,Boca Llena,Deficiente,50.7,51.5,52.7,54.3,56.1,5.4,0.045,30.9,432,Animal viejo - casi nula por edad
Soledad del Carpio Antezana,9,M,2,Deficiente,42.7,44,45.9,48.5,51.3,8.6,0.072,28.2,395,Tui macho - engorde limitado
Soledad del Carpio Antezana,10,M,2,Deficiente,28.7,30.3,32.6,,,,,,0,Compra flaco - muerte dia 88 (timpanismo)
Edwin del Carpio Antezana,1,M,2,Bueno,42.6,44.4,47,50.6,54.6,12,0.1,30,420.4,Tui macho - manejo bueno + suplemento
Edwin del Carpio Antezana,2,M,2,Bueno,31.6,33.7,36.8,41,45.6,14,0.117,25.1,351.1,Compra flaco - fuerte compensatoria
Edwin del Carpio Antezana,3,H,4,Bueno,47.6,49,50.9,53.6,56.6,9,0.075,31.1,435.8,Descarte hato - engorde para saca
Edwin del Carpio Antezana,4,M,2,Bueno,40.6,42.4,45,48.5,52.4,11.8,0.098,28.8,403.5,Tui macho - engorde
Edwin del Carpio Antezana,5,M,2,Bueno,34.6,36.6,39.6,43.7,48.2,13.6,0.113,26.5,371.1,Compra flaco - compensatoria
Edwin del Carpio Antezana,6,H,2,Bueno,43.6,45.3,47.7,51,54.6,11,0.092,30,420.4,Descarte hato - rotacion
Edwin del Carpio Antezana,7,M,2,Bueno,36.6,38.5,41.3,45,49.2,12.6,0.105,27.1,378.8,Compra externo - suplemento en seca
Edwin del Carpio Antezana,8,M,Boca Llena,Bueno,53.6,54.7,56.3,58.6,61,7.4,0.062,33.6,469.7,Animal viejo - limitada por edad
Edwin del Carpio Antezana,9,M,2,Bueno,45.6,47.3,49.9,53.4,57.2,11.6,0.097,31.5,440.4,Tui macho - uso de 4 potreros
Edwin del Carpio Antezana,10,M,2,Bueno,37.6,39.4,42.1,45.8,49.8,12.2,0.102,27.4,383.5,Compra externo - rotacion
Nayeli Rosario Guerra Condori,1,M,2,Promedio,40.4,42,44.4,47.6,51.2,10.8,0.09,28.2,394.2,Tui macho - potreros + suplemento ligero
Nayeli Rosario Guerra Condori,2,M,2,Promedio,29.4,31.3,34,37.8,41.9,12.5,0.104,23,322.6,Compra flaco - compensatoria
Nayeli Rosario Guerra Condori,3,H,4,Promedio,45.4,46.5,48.2,50.5,53,7.6,0.063,29.2,408.1,Descarte hato - limitada por edad
Nayeli Rosario Guerra Condori,4,M,2,Promedio,38.4,40,42.3,45.4,48.9,10.5,0.088,26.9,376.5,Tui macho - engorde en potreros
Nayeli Rosario Guerra Condori,5,M,2,Promedio,32.4,34.2,36.8,40.4,44.4,12,0.1,24.4,341.9,Compra flaco - compensatoria
Nayeli Rosario Guerra Condori,6,H,2,Promedio,41.4,42.8,45,47.8,51,9.6,0.08,28.1,392.7,Descarte hato - rotacion
Nayeli Rosario Guerra Condori,7,M,2,Promedio,34.4,36.1,38.5,41.9,45.6,11.2,0.093,25.1,351.1,Compra externo - suplemento en seca
Nayeli Rosario Guerra Condori,8,M,Boca Llena,Promedio,51.4,52.3,53.7,55.6,57.6,6.2,0.052,31.7,443.5,Animal viejo - minima por edad
Nayeli Rosario Guerra Condori,9,M,2,Promedio,43.4,44.9,47.1,50.1,53.4,10,0.083,29.4,411.2,Tui macho - uso de 4 potreros
Nayeli Rosario Guerra Condori,10,M,2,Promedio,35.4,37,39.4,42.6,46.2,10.8,0.09,25.4,355.7,Compra externo - rotacion
Jorge Luis Huaman Quispe,1,M,2,Promedio,41.2,42.8,45.2,48.4,52,10.8,0.09,28.6,400.4,Tui macho - potreros + suplemento ligero
Jorge Luis Huaman Quispe,2,M,2,Promedio,30.2,32.1,34.8,38.6,42.7,12.5,0.104,23.5,328.8,Compra flaco - compensatoria
Jorge Luis Huaman Quispe,3,H,4,Promedio,46.2,47.3,49,51.3,53.8,7.6,0.063,29.6,414.3,Descarte hato - limitada por edad
Jorge Luis Huaman Quispe,4,M,2,Promedio,39.2,40.8,43.1,46.2,49.7,10.5,0.088,27.3,382.7,Tui macho - engorde en potreros
Jorge Luis Huaman Quispe,5,M,2,Promedio,33.2,35,37.6,41.2,45.2,12,0.1,24.9,348,Compra flaco - compensatoria
Jorge Luis Huaman Quispe,6,H,2,Promedio,42.2,43.6,45.8,48.6,51.8,9.6,0.08,28.5,398.9,Descarte hato - rotacion
Jorge Luis Huaman Quispe,7,M,2,Promedio,35.2,36.9,39.3,42.7,46.4,11.2,0.093,25.5,357.3,Compra externo - suplemento en seca
Jorge Luis Huaman Quispe,8,M,Boca Llena,Promedio,52.2,53.1,54.5,56.4,58.4,6.2,0.052,32.1,449.7,Animal viejo - minima por edad
Jorge Luis Huaman Quispe,9,M,2,Promedio,44.2,45.7,47.9,50.9,54.2,10,0.083,29.8,417.3,Tui macho - uso de 4 potreros
Jorge Luis Huaman Quispe,10,M,2,Promedio,29.2,30.8,33.1,,,,,,0,Compra flaco - muerte dia 70 (neumonia)
Salome Mamani Gutierrez,1,M,2,Deficiente,40.5,41.9,43.9,46.7,49.7,9.2,0.077,27.3,382.7,Tui macho - pastoreo pobre en seca
Salome Mamani Gutierrez,2,M,2,Deficiente,29.5,31.1,33.5,36.7,40.3,10.8,0.09,22.2,310.3,Compra flaco - recuperacion lenta
Salome Mamani Gutierrez,3,H,4,Deficiente,45.5,46.5,47.9,49.9,52.1,6.6,0.055,28.7,401.2,Descarte hato - minima
Salome Mamani Gutierrez,4,M,2,Deficiente,38.5,39.9,41.8,44.5,47.5,9,0.075,26.1,365.8,Tui macho - engorde limitado
Salome Mamani Gutierrez,5,M,2,Deficiente,32.5,34.1,36.4,39.5,42.9,10.4,0.087,23.6,330.3,Compra flaco - compensatoria moderada
Salome Mamani Gutierrez,6,H,2,Deficiente,41.5,42.7,44.5,47,49.7,8.2,0.068,27.3,382.7,Descarte hato - rotacion
Salome Mamani Gutierrez,7,M,2,Deficiente,34.5,35.9,38.1,40.9,44.1,9.6,0.08,24.3,339.6,Compra externo - engorde limitado
Salome Mamani Gutierrez,8,M,Boca Llena,Deficiente,51.5,52.3,53.5,55.1,56.9,5.4,0.045,31.3,438.1,Animal viejo - casi nula por edad
Salome Mamani Gutierrez,9,M,2,Deficiente,43.5,44.8,46.7,49.3,52.1,8.6,0.072,28.7,401.2,Tui macho - engorde limitado
Salome Mamani Gutierrez,10,M,2,Deficiente,35.5,36.9,38.9,41.7,44.7,9.2,0.077,24.6,344.2,Compra externo - engorde limitado
Pedro Mamani Gutierrez,1,M,2,Bueno,41.8,43.6,46.2,49.8,53.8,12,0.1,29.6,414.3,Tui macho - manejo bueno + suplemento
Pedro Mamani Gutierrez,2,M,2,Bueno,30.8,32.9,36,40.2,44.8,14,0.117,24.6,344.9,Compra flaco - fuerte compensatoria
Pedro Mamani Gutierrez,3,H,4,Bueno,46.8,48.2,50.1,52.8,55.8,9,0.075,30.7,429.7,Descarte hato - engorde para saca
Pedro Mamani Gutierrez,4,M,2,Bueno,39.8,41.6,44.2,47.7,51.6,11.8,0.098,28.4,397.3,Tui macho - engorde
Pedro Mamani Gutierrez,5,M,2,Bueno,33.8,35.8,38.8,42.9,47.4,13.6,0.113,26.1,364.9,Compra flaco - compensatoria
Pedro Mamani Gutierrez,6,H,2,Bueno,42.8,44.5,46.9,50.2,53.8,11,0.092,29.6,414.3,Descarte hato - rotacion
Pedro Mamani Gutierrez,7,M,2,Bueno,35.8,37.7,40.5,44.2,48.4,12.6,0.105,26.6,372.7,Compra externo - suplemento en seca
Pedro Mamani Gutierrez,8,M,Boca Llena,Bueno,52.8,53.9,55.5,57.8,60.2,7.4,0.062,33.1,463.5,Animal viejo - limitada por edad
Pedro Mamani Gutierrez,9,M,2,Bueno,44.8,46.5,49.1,52.6,56.4,11.6,0.097,31,434.3,Tui macho - uso de 4 potreros
Pedro Mamani Gutierrez,10,M,2,Bueno,30.8,32.4,34.7,,,,,,0,Compra flaco - muerte dia 81 (enterotoxemia)
Maricielo Cueto Paco,1,M,2,Deficiente,39.5,40.9,42.9,45.7,48.7,9.2,0.077,26.8,375,Tui macho - pastoreo pobre en seca
Maricielo Cueto Paco,2,M,2,Deficiente,28.5,30.1,32.5,35.7,39.3,10.8,0.09,21.6,302.6,Compra flaco - recuperacion lenta
Maricielo Cueto Paco,3,H,4,Deficiente,44.5,45.5,46.9,48.9,51.1,6.6,0.055,28.1,393.5,Descarte hato - minima
Maricielo Cueto Paco,4,M,2,Deficiente,37.5,38.9,40.8,43.5,46.5,9,0.075,25.6,358.1,Tui macho - engorde limitado
Maricielo Cueto Paco,5,M,2,Deficiente,31.5,33.1,35.4,38.5,41.9,10.4,0.087,23,322.6,Compra flaco - compensatoria moderada
Maricielo Cueto Paco,6,H,2,Deficiente,40.5,41.7,43.5,46,48.7,8.2,0.068,26.8,375,Descarte hato - rotacion
Maricielo Cueto Paco,7,M,2,Deficiente,33.5,34.9,37.1,39.9,43.1,9.6,0.08,23.7,331.9,Compra externo - engorde limitado
Maricielo Cueto Paco,8,M,Boca Llena,Deficiente,50.5,51.3,52.5,54.1,55.9,5.4,0.045,30.7,430.4,Animal viejo - casi nula por edad
Maricielo Cueto Paco,9,M,2,Deficiente,42.5,43.8,45.7,48.3,51.1,8.6,0.072,28.1,393.5,Tui macho - engorde limitado
Maricielo Cueto Paco,10,M,2,Deficiente,28.5,30.1,32.4,,,,,,0,Compra flaco - muerte dia 62 (neumonia)
Juan Mendoza Vilca,1,M,2,Bueno,42.9,44.7,47.3,50.9,54.9,12,0.1,30.2,422.7,Tui macho - manejo bueno + suplemento
Juan Mendoza Vilca,2,M,2,Bueno,31.9,34,37.1,41.3,45.9,14,0.117,25.2,353.4,Compra flaco - fuerte compensatoria
Juan Mendoza Vilca,3,H,4,Bueno,47.9,49.3,51.2,53.9,56.9,9,0.075,31.3,438.1,Descarte hato - engorde para saca
Juan Mendoza Vilca,4,M,2,Bueno,40.9,42.7,45.3,48.8,52.7,11.8,0.098,29,405.8,Tui macho - engorde
Juan Mendoza Vilca,5,M,2,Bueno,34.9,36.9,39.9,44,48.5,13.6,0.113,26.7,373.5,Compra flaco - compensatoria
Juan Mendoza Vilca,6,H,2,Bueno,43.9,45.6,48,51.3,54.9,11,0.092,30.2,422.7,Descarte hato - rotacion
Juan Mendoza Vilca,7,M,2,Bueno,36.9,38.8,41.6,45.3,49.5,12.6,0.105,27.2,381.2,Compra externo - suplemento en seca
Juan Mendoza Vilca,8,M,Boca Llena,Bueno,53.9,55,56.6,58.9,61.3,7.4,0.062,33.7,472,Animal viejo - limitada por edad
Juan Mendoza Vilca,9,M,2,Bueno,45.9,47.6,50.2,53.7,57.5,11.6,0.097,31.6,442.8,Tui macho - uso de 4 potreros
Juan Mendoza Vilca,10,M,2,Bueno,37.9,39.7,42.4,46.1,50.1,12.2,0.102,27.6,385.8,Compra externo - rotacion
Julia Paco Gutierrez,1,M,2,Promedio,41.7,43.3,45.7,48.9,52.5,10.8,0.09,28.9,404.3,Tui macho - potreros + suplemento ligero
Julia Paco Gutierrez,2,M,2,Promedio,30.7,32.6,35.3,39.1,43.2,12.5,0.104,23.8,332.6,Compra flaco - compensatoria
Julia Paco Gutierrez,3,H,4,Promedio,46.7,47.8,49.5,51.8,54.3,7.6,0.063,29.9,418.1,Descarte hato - limitada por edad
Julia Paco Gutierrez,4,M,2,Promedio,39.7,41.3,43.6,46.7,50.2,10.5,0.088,27.6,386.5,Tui macho - engorde en potreros
Julia Paco Gutierrez,5,M,2,Promedio,33.7,35.5,38.1,41.7,45.7,12,0.1,25.1,351.9,Compra flaco - compensatoria
Julia Paco Gutierrez,6,H,2,Promedio,42.7,44.1,46.3,49.1,52.3,9.6,0.08,28.8,402.7,Descarte hato - rotacion
Julia Paco Gutierrez,7,M,2,Promedio,35.7,37.4,39.8,43.2,46.9,11.2,0.093,25.8,361.1,Compra externo - suplemento en seca
Julia Paco Gutierrez,8,M,Boca Llena,Promedio,52.7,53.6,55,56.9,58.9,6.2,0.052,32.4,453.5,Animal viejo - minima por edad
Julia Paco Gutierrez,9,M,2,Promedio,44.7,46.2,48.4,51.4,54.7,10,0.083,30.1,421.2,Tui macho - uso de 4 potreros
Julia Paco Gutierrez,10,M,2,Promedio,36.7,38.3,40.7,43.9,47.5,10.8,0.09,26.1,365.8,Compra externo - rotacion
Ninfa Quispe Condori,1,M,2,Deficiente,40.2,41.6,43.6,46.4,49.4,9.2,0.077,27.2,380.4,Tui macho - pastoreo pobre en seca
Ninfa Quispe Condori,2,M,2,Deficiente,29.2,30.8,33.2,36.4,40,10.8,0.09,22,308,Compra flaco - recuperacion lenta
Ninfa Quispe Condori,3,H,4,Deficiente,45.2,46.2,47.6,49.6,51.8,6.6,0.055,28.5,398.9,Descarte hato - minima
Ninfa Quispe Condori,4,M,2,Deficiente,38.2,39.6,41.5,44.2,47.2,9,0.075,26,363.4,Tui macho - engorde limitado
Ninfa Quispe Condori,5,M,2,Deficiente,32.2,33.8,36.1,39.2,42.6,10.4,0.087,23.4,328,Compra flaco - compensatoria moderada
Ninfa Quispe Condori,6,H,2,Deficiente,41.2,42.4,44.2,46.7,49.4,8.2,0.068,27.2,380.4,Descarte hato - rotacion
Ninfa Quispe Condori,7,M,2,Deficiente,34.2,35.6,37.8,40.6,43.8,9.6,0.08,24.1,337.3,Compra externo - engorde limitado
Ninfa Quispe Condori,8,M,Boca Llena,Deficiente,51.2,52,53.2,54.8,56.6,5.4,0.045,31.1,435.8,Animal viejo - casi nula por edad
Ninfa Quispe Condori,9,M,2,Deficiente,43.2,44.5,46.4,49,51.8,8.6,0.072,28.5,398.9,Tui macho - engorde limitado
Ninfa Quispe Condori,10,M,2,Deficiente,29.2,30.8,33.1,,,,,,0,Compra flaco - muerte dia 78 (neumonia)
Dianeth Quispe Gutierrez,1,M,2,Promedio,40.6,42.2,44.6,47.8,51.4,10.8,0.09,28.3,395.8,Tui macho - potreros + suplemento ligero
Dianeth Quispe Gutierrez,2,M,2,Promedio,29.6,31.5,34.2,38,42.1,12.5,0.104,23.2,324.2,Compra flaco - compensatoria
Dianeth Quispe Gutierrez,3,H,4,Promedio,45.6,46.7,48.4,50.7,53.2,7.6,0.063,29.3,409.6,Descarte hato - limitada por edad
Dianeth Quispe Gutierrez,4,M,2,Promedio,38.6,40.2,42.5,45.6,49.1,10.5,0.088,27,378.1,Tui macho - engorde en potreros
Dianeth Quispe Gutierrez,5,M,2,Promedio,32.6,34.4,37,40.6,44.6,12,0.1,24.5,343.4,Compra flaco - compensatoria
Dianeth Quispe Gutierrez,6,H,2,Promedio,41.6,43,45.2,48,51.2,9.6,0.08,28.2,394.2,Descarte hato - rotacion
Dianeth Quispe Gutierrez,7,M,2,Promedio,34.6,36.3,38.7,42.1,45.8,11.2,0.093,25.2,352.7,Compra externo - suplemento en seca
Dianeth Quispe Gutierrez,8,M,Boca Llena,Promedio,51.6,52.5,53.9,55.8,57.8,6.2,0.052,31.8,445.1,Animal viejo - minima por edad
Dianeth Quispe Gutierrez,9,M,2,Promedio,43.6,45.1,47.3,50.3,53.6,10,0.083,29.5,412.7,Tui macho - uso de 4 potreros
Dianeth Quispe Gutierrez,10,M,2,Promedio,35.6,37.2,39.6,42.8,46.4,10.8,0.09,25.5,357.3,Compra externo - rotacion
Ninfa Sarcco Huaman,1,M,2,Bueno,41.5,43.3,45.9,49.5,53.5,12,0.1,29.4,411.9,Tui macho - manejo bueno + suplemento
Ninfa Sarcco Huaman,2,M,2,Bueno,30.5,32.6,35.7,39.9,44.5,14,0.117,24.5,342.7,Compra flaco - fuerte compensatoria
Ninfa Sarcco Huaman,3,H,4,Bueno,46.5,47.9,49.8,52.5,55.5,9,0.075,30.5,427.4,Descarte hato - engorde para saca
Ninfa Sarcco Huaman,4,M,2,Bueno,39.5,41.3,43.9,47.4,51.3,11.8,0.098,28.2,395,Tui macho - engorde
Ninfa Sarcco Huaman,5,M,2,Bueno,33.5,35.5,38.5,42.6,47.1,13.6,0.113,25.9,362.7,Compra flaco - compensatoria
Ninfa Sarcco Huaman,6,H,2,Bueno,42.5,44.2,46.6,49.9,53.5,11,0.092,29.4,411.9,Descarte hato - rotacion
Ninfa Sarcco Huaman,7,M,2,Bueno,35.5,37.4,40.2,43.9,48.1,12.6,0.105,26.5,370.4,Compra externo - suplemento en seca
Ninfa Sarcco Huaman,8,M,Boca Llena,Bueno,52.5,53.6,55.2,57.5,59.9,7.4,0.062,32.9,461.2,Animal viejo - limitada por edad
Ninfa Sarcco Huaman,9,M,2,Bueno,44.5,46.2,48.8,52.3,56.1,11.6,0.097,30.9,432,Tui macho - uso de 4 potreros
Ninfa Sarcco Huaman,10,M,2,Bueno,36.5,38.3,41,44.7,48.7,12.2,0.102,26.8,375,Compra externo - rotacion
Justiniana Sayhua de Cayo,1,M,2,Deficiente,40.6,42,44,46.8,49.8,9.2,0.077,27.4,383.5,Tui macho - pastoreo pobre en seca
Justiniana Sayhua de Cayo,2,M,2,Deficiente,29.6,31.2,33.6,36.8,40.4,10.8,0.09,22.2,311.1,Compra flaco - recuperacion lenta
Justiniana Sayhua de Cayo,3,H,4,Deficiente,45.6,46.6,48,50,52.2,6.6,0.055,28.7,402,Descarte hato - minima
Justiniana Sayhua de Cayo,4,M,2,Deficiente,38.6,40,41.9,44.6,47.6,9,0.075,26.2,366.5,Tui macho - engorde limitado
Justiniana Sayhua de Cayo,5,M,2,Deficiente,32.6,34.2,36.5,39.6,43,10.4,0.087,23.7,331.1,Compra flaco - compensatoria moderada
Justiniana Sayhua de Cayo,6,H,2,Deficiente,41.6,42.8,44.6,47.1,49.8,8.2,0.068,27.4,383.5,Descarte hato - rotacion
Justiniana Sayhua de Cayo,7,M,2,Deficiente,34.6,36,38.2,41,44.2,9.6,0.08,24.3,340.3,Compra externo - engorde limitado
Justiniana Sayhua de Cayo,8,M,Boca Llena,Deficiente,51.6,52.4,53.6,55.2,57,5.4,0.045,31.4,438.9,Animal viejo - casi nula por edad
Justiniana Sayhua de Cayo,9,M,2,Deficiente,43.6,44.9,46.8,49.4,52.2,8.6,0.072,28.7,402,Tui macho - engorde limitado
Justiniana Sayhua de Cayo,10,M,2,Deficiente,29.6,31.2,33.5,,,,,,0,Compra flaco - muerte dia 85 (neumonia)
Saturnina Tacca Puma,1,M,2,Bueno,42.5,44.3,46.9,50.5,54.5,12,0.1,30,419.7,Tui macho - manejo bueno + suplemento
Saturnina Tacca Puma,2,M,2,Bueno,31.5,33.6,36.7,40.9,45.5,14,0.117,25,350.4,Compra flaco - fuerte compensatoria
Saturnina Tacca Puma,3,H,4,Bueno,47.5,48.9,50.8,53.5,56.5,9,0.075,31.1,435.1,Descarte hato - engorde para saca
Saturnina Tacca Puma,4,M,2,Bueno,40.5,42.3,44.9,48.4,52.3,11.8,0.098,28.8,402.7,Tui macho - engorde
Saturnina Tacca Puma,5,M,2,Bueno,34.5,36.5,39.5,43.6,48.1,13.6,0.113,26.5,370.4,Compra flaco - compensatoria
Saturnina Tacca Puma,6,H,2,Bueno,43.5,45.2,47.6,50.9,54.5,11,0.092,30,419.7,Descarte hato - rotacion
Saturnina Tacca Puma,7,M,2,Bueno,36.5,38.4,41.2,44.9,49.1,12.6,0.105,27,378.1,Compra externo - suplemento en seca
Saturnina Tacca Puma,8,M,Boca Llena,Bueno,53.5,54.6,56.2,58.5,60.9,7.4,0.062,33.5,469,Animal viejo - limitada por edad
Saturnina Tacca Puma,9,M,2,Bueno,45.5,47.2,49.8,53.3,57.1,11.6,0.097,31.4,439.7,Tui macho - uso de 4 potreros
Saturnina Tacca Puma,10,M,2,Bueno,37.5,39.3,42,45.7,49.7,12.2,0.102,27.3,382.7,Compra externo - rotacion
Lucio Tito Ccama,1,M,2,Promedio,41.5,43.1,45.5,48.7,52.3,10.8,0.09,28.8,402.7,Tui macho - potreros + suplemento ligero
Lucio Tito Ccama,2,M,2,Promedio,30.5,32.4,35.1,38.9,43,12.5,0.104,23.7,331.1,Compra flaco - compensatoria
Lucio Tito Ccama,3,H,4,Promedio,46.5,47.6,49.3,51.6,54.1,7.6,0.063,29.8,416.6,Descarte hato - limitada por edad
Lucio Tito Ccama,4,M,2,Promedio,39.5,41.1,43.4,46.5,50,10.5,0.088,27.5,385,Tui macho - engorde en potreros
Lucio Tito Ccama,5,M,2,Promedio,33.5,35.3,37.9,41.5,45.5,12,0.1,25,350.4,Compra flaco - compensatoria
Lucio Tito Ccama,6,H,2,Promedio,42.5,43.9,46.1,48.9,52.1,9.6,0.08,28.7,401.2,Descarte hato - rotacion
Lucio Tito Ccama,7,M,2,Promedio,35.5,37.2,39.6,43,46.7,11.2,0.093,25.7,359.6,Compra externo - suplemento en seca
Lucio Tito Ccama,8,M,Boca Llena,Promedio,52.5,53.4,54.8,56.7,58.7,6.2,0.052,32.3,452,Animal viejo - minima por edad
Lucio Tito Ccama,9,M,2,Promedio,44.5,46,48.2,51.2,54.5,10,0.083,30,419.7,Tui macho - uso de 4 potreros
Lucio Tito Ccama,10,M,2,Promedio,36.5,38.1,40.5,43.7,47.3,10.8,0.09,26,364.2,Compra externo - rotacion
Ceferino Victoriano Ttacca Puma,1,M,2,Promedio,40.3,41.9,44.3,47.5,51.1,10.8,0.09,28.1,393.5,Tui macho - potreros + suplemento ligero
Ceferino Victoriano Ttacca Puma,2,M,2,Promedio,29.3,31.2,33.9,37.7,41.8,12.5,0.104,23,321.9,Compra flaco - compensatoria
Ceferino Victoriano Ttacca Puma,3,H,4,Promedio,45.3,46.4,48.1,50.4,52.9,7.6,0.063,29.1,407.3,Descarte hato - limitada por edad
Ceferino Victoriano Ttacca Puma,4,M,2,Promedio,38.3,39.9,42.2,45.3,48.8,10.5,0.088,26.8,375.8,Tui macho - engorde en potreros
Ceferino Victoriano Ttacca Puma,5,M,2,Promedio,32.3,34.1,36.7,40.3,44.3,12,0.1,24.4,341.1,Compra flaco - compensatoria
Ceferino Victoriano Ttacca Puma,6,H,2,Promedio,41.3,42.7,44.9,47.7,50.9,9.6,0.08,28,392,Descarte hato - rotacion
Ceferino Victoriano Ttacca Puma,7,M,2,Promedio,34.3,36,38.4,41.8,45.5,11.2,0.093,25,350.4,Compra externo - suplemento en seca
Ceferino Victoriano Ttacca Puma,8,M,Boca Llena,Promedio,51.3,52.2,53.6,55.5,57.5,6.2,0.052,31.6,442.8,Animal viejo - minima por edad
Ceferino Victoriano Ttacca Puma,9,M,2,Promedio,43.3,44.8,47,50,53.3,10,0.083,29.3,410.4,Tui macho - uso de 4 potreros
Ceferino Victoriano Ttacca Puma,10,M,2,Promedio,28.3,29.9,32.2,,,,,,0,Compra flaco - muerte dia 70 (timpanismo)
Toribio Ttacca Huaman,1,M,2,Deficiente,39.4,40.8,42.8,45.6,48.6,9.2,0.077,26.7,374.2,Tui macho - pastoreo pobre en seca
Toribio Ttacca Huaman,2,M,2,Deficiente,28.4,30,32.4,35.6,39.2,10.8,0.09,21.6,301.8,Compra flaco - recuperacion lenta
Toribio Ttacca Huaman,3,H,4,Deficiente,44.4,45.4,46.8,48.8,51,6.6,0.055,28.1,392.7,Descarte hato - minima
Toribio Ttacca Huaman,4,M,2,Deficiente,37.4,38.8,40.7,43.4,46.4,9,0.075,25.5,357.3,Tui macho - engorde limitado
Toribio Ttacca Huaman,5,M,2,Deficiente,31.4,33,35.3,38.4,41.8,10.4,0.087,23,321.9,Compra flaco - compensatoria moderada
Toribio Ttacca Huaman,6,H,2,Deficiente,40.4,41.6,43.4,45.9,48.6,8.2,0.068,26.7,374.2,Descarte hato - rotacion
Toribio Ttacca Huaman,7,M,2,Deficiente,33.4,34.8,37,39.8,43,9.6,0.08,23.7,331.1,Compra externo - engorde limitado
Toribio Ttacca Huaman,8,M,Boca Llena,Deficiente,50.4,51.2,52.4,54,55.8,5.4,0.045,30.7,429.7,Animal viejo - casi nula por edad
Toribio Ttacca Huaman,9,M,2,Deficiente,42.4,43.7,45.6,48.2,51,8.6,0.072,28.1,392.7,Tui macho - engorde limitado
Toribio Ttacca Huaman,10,M,2,Deficiente,34.4,35.8,37.8,40.6,43.6,9.2,0.077,24,335.7,Compra externo - engorde limitado
Silvia Villanueva Condori,1,M,2,Bueno,42.2,44,46.6,50.2,54.2,12,0.1,29.8,417.3,Tui macho - manejo bueno + suplemento
Silvia Villanueva Condori,2,M,2,Bueno,31.2,33.3,36.4,40.6,45.2,14,0.117,24.9,348,Compra flaco - fuerte compensatoria
Silvia Villanueva Condori,3,H,4,Bueno,47.2,48.6,50.5,53.2,56.2,9,0.075,30.9,432.7,Descarte hato - engorde para saca
Silvia Villanueva Condori,4,M,2,Bueno,40.2,42,44.6,48.1,52,11.8,0.098,28.6,400.4,Tui macho - engorde
Silvia Villanueva Condori,5,M,2,Bueno,34.2,36.2,39.2,43.3,47.8,13.6,0.113,26.3,368.1,Compra flaco - compensatoria
Silvia Villanueva Condori,6,H,2,Bueno,43.2,44.9,47.3,50.6,54.2,11,0.092,29.8,417.3,Descarte hato - rotacion
Silvia Villanueva Condori,7,M,2,Bueno,36.2,38.1,40.9,44.6,48.8,12.6,0.105,26.8,375.8,Compra externo - suplemento en seca
Silvia Villanueva Condori,8,M,Boca Llena,Bueno,53.2,54.3,55.9,58.2,60.6,7.4,0.062,33.3,466.6,Animal viejo - limitada por edad
Silvia Villanueva Condori,9,M,2,Bueno,45.2,46.9,49.5,53,56.8,11.6,0.097,31.2,437.4,Tui macho - uso de 4 potreros
Silvia Villanueva Condori,10,M,2,Bueno,37.2,39,41.7,45.4,49.4,12.2,0.102,27.2,380.4,Compra externo - rotacion
Lucia Martinez Checmapocco,1,M,2,Deficiente,40.4,41.8,43.8,46.6,49.6,9.2,0.077,27.3,381.9,Tui macho - pastoreo pobre en seca
Lucia Martinez Checmapocco,2,M,2,Deficiente,29.4,31,33.4,36.6,40.2,10.8,0.09,22.1,309.5,Compra flaco - recuperacion lenta
Lucia Martinez Checmapocco,3,H,4,Deficiente,45.4,46.4,47.8,49.8,52,6.6,0.055,28.6,400.4,Descarte hato - minima
Lucia Martinez Checmapocco,4,M,2,Deficiente,38.4,39.8,41.7,44.4,47.4,9,0.075,26.1,365,Tui macho - engorde limitado
Lucia Martinez Checmapocco,5,M,2,Deficiente,32.4,34,36.3,39.4,42.8,10.4,0.087,23.5,329.6,Compra flaco - compensatoria moderada
Lucia Martinez Checmapocco,6,H,2,Deficiente,41.4,42.6,44.4,46.9,49.6,8.2,0.068,27.3,381.9,Descarte hato - rotacion
Lucia Martinez Checmapocco,7,M,2,Deficiente,34.4,35.8,38,40.8,44,9.6,0.08,24.2,338.8,Compra externo - engorde limitado
Lucia Martinez Checmapocco,8,M,Boca Llena,Deficiente,51.4,52.2,53.4,55,56.8,5.4,0.045,31.2,437.4,Animal viejo - casi nula por edad
Lucia Martinez Checmapocco,9,M,2,Deficiente,43.4,44.7,46.6,49.2,52,8.6,0.072,28.6,400.4,Tui macho - engorde limitado
Lucia Martinez Checmapocco,10,M,2,Deficiente,29.4,31,33.3,,,,,,0,Compra flaco - muerte dia 72 (neumonia)