,,,,,,,,,,,
,,,,,,,,,,,
,,,,,,,,,,,
,,,,,,,,,,,
,FORMATO 03 - INDICADORES DE SEGUIMIENTO Y MONITOREO DEL PLAN DE NEGOCIO,,,,,,,,,,
,POA:,,PRIMER POA,,,,,,,,
,Nombre OA:,,ASOCIACION DE PRODUCTORES AGROPECUARIOS MICROCUENCA NORTE RIO NUÑOA,,,,,,,,
,RUC:,,20448433316,,,,,,,,
,Plan de Negocios:,,MEJORAMIENTO DEL MANEJO PRUDUCTIVO DE LA ALPACA,,,,,,,,
,,,,,,,,,,,
,,OBJETIVO ESPECÍFICO,,TIPO,INDICADOR,LINEA BASE,META PN,"METAS DEL POA POR 
PASO CRÍTICO",,META DEL POA,MEDIO DE VERIFICACIÓN
,,,,,,AÑO 0,(3 años),PC 01,PC 02,Acumulado,
,,MEJORAMIENTO DEL MANEJO PRUDUCTIVO DE LA ALPACA,,PRODUCCIÓN (Alpacas en engorde - peso inicial),Numero Cabezas (alpacas),778.00,"1,799.00",311.20,466.80,778.00,Actas de registro de producción
,,,,,Kg/Cabeza ,15.00,15.00,15.00,15.00,15.00,Actas de registro de producción
,,,,,Total / año,"11,670.00","26,985.00","4,668.00","7,002.00","11,670.00",Actas de registro de producción
,,,,,Ampliación de la oferta forralera Ha ,0.00,54.00,0.00,54.00,0.00,Actas de registro de producción
,,,,PRODUCCIÓN (Alpacas en engorde - peso final),Kg/Cabeza ,24.60,28.50,25.80,25.80,25.80,Actas de registro de producción
,,,,,Total / año,"19,138.80","51,271.50","8,028.96","12,043.44","20,072.40",Actas de registro de producción
,,,,PRODUCTIVIDAD,Periodo de engorde/Días ,120.00,90.00,120.00,120.00,120.00,Actas de registro de producción
,,,,,Rendimiento esperado en Kg/día,0.08,0.15,0.09,0.09,0.09,Actas de registro de producción
,,,,,Reducir el porcentaje de Motalidad al año,4%,2%,4%,4%,4%,Actas de registro de producción
,,,,,Incremento del periodo (kg/alpaca),9.60,13.50,10.80,10.80,10.80,Actas de registro de producción
,,,,,Costos de Producción S/ / alpaca,318.00,260.00,271.00,271.00,271.00,Actas de registro de producción
,,,,INGRESOS POR PESO CARCASA,Animal en Pie (Kg) - Peso Carcasa,"19,138.80","51,271.50","8,028.96","12,043.44","20,072.40",Actas de registro de producción
,,,,,Precio por Kg/S,14.00,14.00,14.00,14.00,14.00,Comprobantes de Venta
,,,,,Ingreso total (S/.),"267,943.20","717,801.00","112,405.44","168,608.16","281,013.60",Comprobantes de Venta
,,Equipamiento para la realización de labores culturales oportunas,,JORNALES,Jornales (N° de Jornales Año),374.00,358.00,185.00,185.00,370.00,Actas de Asistencia del personal 
,,Manejo y conservación de pastos naturañes ,,IMPACTO AMBIENTAL,Abonamiento de los campos de pastoreo con estiércol de las alpacas,35%,100%,50%,50%,100%,Informe de verificación
,"NOTA:
Los indicadores del presente formato, deberán estar expuestos y claramente sustentados dentro de los RTFs, así mismo, deberán estar directamente alineados a los indicadores del PNT.",,,,,,,,,,
,Fecha y Hora : 28/04/2025 05:20 p.m.,,,,,,,,,,