,,,,,,,,,,,,,,,
,,,,,,,,,,,,,,,
,,ASOCIACION DE PRODUCTORES AGROPECUARIOS MICROCUENCA NORTE RIO NUÑOA,,,,,,,,,,,,,
,,REGISTRO DE CABEZAS,,,,,,,,,,,,,
,,N°,Apellidos y Nombre(s) ,DNI,NUMERO DE CABEZAS,,,,,,TOTAL,PRODUCTIVIDAD,,PRODUCCION,
,,,,,abril,mayo,junio,julio,agosto,setiembre,,N° DE CABEZAS,COSTO DE PRODUCCION,PERIODO DE ENGORDE,N°
,,1,,,,,,,,,,,,,
,,2,,,,,,,,,,,,,
,,3,,,,,,,,,,,,,
,,4,,,,,,,,,,,,,
,,5,,,,,,,,,,,,,
,,6,,,,,,,,,,,,,
,,7,,,,,,,,,,,,,
,,8,,,,,,,,,,,,,
,,9,,,,,,,,,,,,,
,,10,,,,,,,,,,,,,
,,11,,,,,,,,,,,,,
,,12,,,,,,,,,,,,,
,,13,,,,,,,,,,,,,
,,14,,,,,,,,,,,,,
,,15,,,,,,,,,,,,,
,,16,,,,,,,,,,,,,
,,17,,,,,,,,,,,,,
,,18,,,,,,,,,,,,,
,,19,,,,,,,,,,,,,
,,20,,,,,,,,,,,,,
,,21,,,,,,,,,,,,,
,,22,,,,,,,,,,,,,
,,23,,,,,,,,,,,,,
,,24,,,,,,,,,,,,,
,,25,,,,,,,,,,,,,
,,26,,,,,,,,,,,,,
,,27,,,,,,,,,,,,,
,,,,,0,0,0,0,Dec-99,0,0,#DIV/0!,0,0,0
,,,,,,,,,,,0,,,,
,,,,,,,,,,,,,,,
,,,,promedio de produccion de 6 meses ,0,,,,,RENDIMIENTO PROMEDIO POR ALPACA,,,,#DIV/0!,